timestamp,trade_id,timestamp,pnl,fee_paid,balance,equity,qty,price,psize,pprice,type,pcost,wallet_exposure,mins_since_prev_fill
1698923340000.0,2501,1698923340000.0,0.0,-0.0117315,999.9882685,999.7820785,23.7,2.475,23.7,2.475,long_ientry_normal,58.6575,0.05865818814853426,
1698937560000.0,2738,1698937560000.0,0.0,-0.011715000000000001,999.9765535,995.8546735,25.0,2.343,48.7,2.4072381930184803,long_rentry,117.2325,0.11723524875625996,237.0
1698974220000.0,3349,1698974220000.0,0.0,-0.0229164,999.9536371,994.8307771000001,50.7,2.26,99.4,2.3321378269617705,long_rentry,231.8145,0.23182524809079472,611.0
1699491300000.0,11967,1699491300000.0,5.687754627766603,-0.014150880000000001,1005.6272408477666,1018.94498622,-27.9,2.536,71.5,2.3321378269617705,long_nclose,166.7478546277666,0.1658147749529879,8618.0
1699492680000.0,11990,1699492680000.0,16.149145372233395,-0.0365794,1021.73980682,1021.73980682,-71.5,2.558,0.0,2.3321378269617705,long_nclose,0.0,0.0,23.0
1699546080000.0,12880,1699546080000.0,0.0,-0.012004800000000001,1021.72780202,1021.60972202,24.6,2.44,24.6,2.44,long_ientry_normal,60.024,0.05874754497365146,890.0
1699546260000.0,12883,1699546260000.0,0.0,-0.0119658,1021.71583622,1019.10363622,25.9,2.31,50.5,2.3733267326732674,long_rentry,119.85300000000001,0.1173056105731073,3.0
1699546320000.0,12884,1699546320000.0,0.0,-0.02344908,1021.69238714,1014.1358271400001,52.6,2.229,103.1,2.2996935014548985,long_rentry,237.09840000000003,0.23206436984786008,1.0
1699575660000.0,13373,1699575660000.0,5.83788845780794,-0.0145058,1027.515769797808,1042.0620813399998,-29.0,2.501,74.1,2.2996935014548985,long_nclose,170.40728845780797,0.16584396411876023,489.0
1699576260000.0,13383,1699576260000.0,16.54701154219203,-0.03739086,1044.02539048,1044.02539048,-74.1,2.523,0.0,2.2996935014548985,long_nclose,0.0,0.0,10.0
1699603740000.0,13841,1699603740000.0,0.0,-0.01223088,1044.0131595999999,1044.2596695999998,24.9,2.456,24.9,2.456,long_ientry_normal,61.154399999999995,0.05857627314145208,458.0
1699645320000.0,14534,1699645320000.0,5.9262,-0.013416119999999998,1049.92594348,1049.92594348,-24.9,2.694,0.0,2.456,long_nclose,0.0,0.0,693.0
1699886520000.0,18554,1699886520000.0,0.0,-0.012277200000000002,1049.91366628,1050.7326662799999,13.0,4.722,13.0,4.722,long_ientry_normal,61.386,0.0584676645056919,4020.0
1699887600000.0,18572,1699887600000.0,5.940999999999998,-0.0134654,1055.8412008799999,1055.8412008799999,-13.0,5.179,0.0,4.722,long_nclose,0.0,0.0,18.0
1699912380000.0,18985,1699912380000.0,0.0,-0.012413440000000001,1055.8287874399998,1055.8479874399998,12.8,4.849,12.8,4.849,long_ientry_normal,62.06720000000001,0.05878528861719177,413.0
1699919460000.0,19103,1699919460000.0,0.0,-0.0123984,1055.8163890399999,1050.5753290399998,13.5,4.592,26.3,4.717079847908744,long_rentry,124.05919999999998,0.11750073335459463,118.0
1699919760000.0,19108,1699919760000.0,0.0,-0.0242764,1055.79211264,1048.40301264,27.4,4.43,53.7,4.5705996275605205,long_rentry,245.44119999999995,0.2324711437616977,5.0
1699920660000.0,19123,1699920660000.0,0.0,-0.04720196000000001,1055.74491068,1053.22399068,55.9,4.222,109.6,4.392801094890511,long_rentry,481.45099999999996,0.4560296669485243,15.0
1699925460000.0,19203,1699925460000.0,10.090047810218971,-0.02784768,1065.807110810219,1092.730163,-29.4,4.736,80.2,4.392801094890511,long_nclose,352.302647810219,0.3305501007048086,80.0
1699925700000.0,19207,1699925700000.0,15.252696532846722,-0.037929380000000006,1081.021877963066,1096.23768362,-39.7,4.777,40.5,4.392801094890511,long_nclose,177.9084443430657,0.16457432358195445,4.0
1699930920000.0,19294,1699930920000.0,17.22055565693429,-0.0390258,1098.2034078200002,1098.2034078200002,-40.5,4.818,0.0,4.392801094890511,long_nclose,0.0,0.0,87.0
1699960920000.0,19794,1699960920000.0,0.0,-0.012885600000000002,1098.1905222200003,1098.2295222200003,13.0,4.956,13.0,4.956,long_ientry_normal,64.42800000000001,0.05866741580482623,500.0
1699970220000.0,19949,1699970220000.0,6.239999999999994,-0.014133600000000001,1104.4163886200004,1104.4163886200004,-13.0,5.436,0.0,4.956,long_nclose,0.0,0.0,155.0
1700090280000.0,21950,1700090280000.0,0.0,-0.012900800000000002,1104.4034878200005,1104.4958878200005,11.0,5.864,11.0,5.864,long_ientry_normal,64.504,0.058406190048643794,2001.0
1700149380000.0,22935,1700149380000.0,0.0,-0.01299402,1104.3904938000005,1101.4416538000005,11.7,5.553,22.7,5.703704845814978,long_rentry,129.4741,0.11723579723554474,985.0
1700165220000.0,23199,1700165220000.0,12.5371,-0.028402240000000002,1116.8991915600004,1116.8991915600004,-22.7,6.256,0.0,5.703704845814978,long_nclose,0.0,0.0,264.0
1700171220000.0,23299,1700171220000.0,0.0,-0.0131488,1116.8860427600005,1117.0943627600004,11.2,5.87,11.2,5.87,long_ientry_normal,65.744,0.058863659749508794,100.0
1700176920000.0,23394,1700176920000.0,0.0,-0.013116880000000001,1116.8729258800004,1113.8247258800004,11.8,5.558,23.0,5.709930434782608,long_rentry,131.3284,0.11758580314454703,95.0
1700196120000.0,23714,1700196120000.0,12.720600000000012,-0.028809800000000003,1129.5647160800004,1129.5647160800004,-23.0,6.263,0.0,5.709930434782608,long_nclose,0.0,0.0,320.0
1700218200000.0,24082,1700218200000.0,0.0,-0.013290200000000002,1129.5514258800004,1129.3435258800002,11.0,6.041,11.0,6.041,long_ientry_normal,66.45100000000001,0.05882954815291387,368.0
1700255040000.0,24696,1700255040000.0,6.435,-0.014577200000000002,1135.9718486800002,1135.9718486800002,-11.0,6.626,0.0,6.041,long_nclose,0.0,0.0,614.0
1700405340000.0,27201,1700405340000.0,0.0,-0.01335496,1135.9584937200002,1135.9992337200001,9.7,6.884,9.7,6.884,long_ientry_normal,66.7748,0.05878278156213969,2505.0
1700513460000.0,29003,1700513460000.0,0.0,-0.01329876,1135.9451949600002,1131.4415349600001,10.2,6.519,19.9,6.696914572864322,long_rentry,133.2686,0.11731956840109065,1802.0
1700514060000.0,29013,1700514060000.0,0.0,-0.02603646,1135.9191585000003,1127.2048385000003,20.7,6.289,40.6,6.48893842364532,long_rentry,263.4509,0.23192750824617764,10.0
1700516040000.0,29046,1700516040000.0,0.0,-0.0507177,1135.8684408000004,1116.1958808000004,42.3,5.995,82.9,6.236904704463208,long_rentry,517.0394,0.4551930324218229,33.0
1700553240000.0,29666,1700553240000.0,0.0,-0.12378719999999999,1135.7446536000004,1081.3240636000005,111.0,5.576,193.9,5.858563176895306,long_rentry,1135.9753999999998,1.0002031674983174,620.0
1700689980000.0,31945,1700689980000.0,9.296834657039758,-0.039237,1145.0022512570401,1196.2974166000006,-31.9,6.15,162.0,5.858563176895306,long_nclose,949.0872346570395,0.8288955184280944,2279.0
1700690520000.0,31954,1700690520000.0,10.947403610108342,-0.0392156,1155.9104392671484,1200.2773210000005,-31.6,6.205,130.4,5.858563176895306,long_nclose,763.9566382671479,0.6609133478814322,9.0
1700690760000.0,31958,1700690760000.0,12.757247292418812,-0.039694740000000006,1168.6279918195673,1207.3911162600007,-31.7,6.261,98.7,5.858563176895306,long_nclose,578.2401855595667,0.49480261435398276,4.0
1700691060000.0,31963,1700691060000.0,14.683722021660682,-0.04054872,1183.271165121228,1214.2892375400006,-32.1,6.316,66.6,5.858563176895306,long_nclose,390.18030758122734,0.3297471611600142,5.0
1701016020000.0,37379,1701016020000.0,0.0,-0.15858592000000002,1183.112579201228,1160.3610716200008,148.6,5.336,215.2,5.497722618871874,long_rentry,1183.1099075812272,0.9999977418716969,5416.0
1701104100000.0,38847,1701104100000.0,9.7917025062741,-0.041212080000000005,1192.8630696275022,1237.9853095400008,-35.7,5.772,179.5,5.497722618871874,long_nclose,986.8412100875014,0.8272879219872775,1468.0
1701104160000.0,38848,1701104160000.0,11.28712512514598,-0.04041162000000001,1204.1097831326483,1252.3828279200009,-34.7,5.823,144.8,5.497722618871874,long_nclose,796.0702352126474,0.661127620059333,1.0
1701125160000.0,39198,1701125160000.0,13.204708339484403,-0.041125,1217.2733664721327,1258.412942920001,-35.0,5.875,109.8,5.497722618871874,long_nclose,603.6499435521317,0.495903352672221,350.0
1701127200000.0,39232,1701127200000.0,15.368130244386888,-0.042437319999999994,1232.5990593965196,1264.2915856000009,-35.8,5.927,74.0,5.497722618871874,long_nclose,406.8314737965187,0.33005986066199283,34.0
1701170880000.0,39960,1701170880000.0,17.578152149289398,-0.043758960000000006,1250.133452585809,1268.626906640001,-36.6,5.978,37.4,5.497722618871874,long_nclose,205.6148259458081,0.16447430114001746,728.0
1701170940000.0,39961,1701170940000.0,19.907174054191913,-0.0451044,1269.995522240001,1269.995522240001,-37.4,6.03,0.0,5.497722618871874,long_nclose,0.0,0.0,1.0
1701263400000.0,41502,1701263400000.0,0.0,-0.01484912,1269.980673120001,1270.127083120001,12.1,6.136,12.1,6.136,long_ientry_normal,74.2456,0.058461992037720165,1541.0
1701398040000.0,43746,1701398040000.0,7.187400000000004,-0.016286600000000002,1277.151786520001,1277.151786520001,-12.1,6.73,0.0,6.136,long_nclose,0.0,0.0,2244.0
1701602400000.0,47152,1701602400000.0,0.0,-0.014989520000000003,1277.136797000001,1277.1240570000011,9.1,8.236,9.1,8.236,long_ientry_normal,74.94760000000001,0.05868408159255312,3406.0
1701654060000.0,48013,1701654060000.0,7.252699999999989,-0.01644006,1284.373056940001,1284.373056940001,-9.1,9.033,0.0,8.236,long_nclose,0.0,0.0,861.0
1701688260000.0,48583,1701688260000.0,0.0,-0.01501216,1284.3580447800011,1284.4363047800011,8.6,8.728,8.6,8.728,long_ientry_normal,75.0608,0.058442270288311414,570.0
1701688320000.0,48584,1701688320000.0,0.0,-0.015042300000000002,1284.3430024800011,1276.7557124800012,9.1,8.265,17.7,8.489960451977401,long_rentry,150.2723,0.11700324579168635,1.0
1701688320000.0,48584,1701688320000.0,0.0,-0.02934432,1284.313658160001,1278.332688160001,18.4,7.974,36.1,8.226977839335179,long_rentry,296.9939,0.23124717090176752,0.0
1701691080000.0,48630,1701691080000.0,7.190221606648208,-0.017891999999999998,1291.4859877666493,1309.996686160001,-10.0,8.946,26.1,8.226977839335179,long_nclose,214.72412160664817,0.1662612863326283,46.0
1701722940000.0,49161,1701722940000.0,20.776178393351824,-0.047100060000000006,1312.215066100001,1312.215066100001,-26.1,9.023,0.0,8.226977839335179,long_nclose,0.0,0.0,531.0
1701734880000.0,49360,1701734880000.0,0.0,-0.015378880000000001,1312.199687220001,1312.2331272200008,8.8,8.738,8.8,8.738,long_ientry_normal,76.8944,0.058599617686929104,199.0
1701802500000.0,50487,1701802500000.0,7.444800000000002,-0.016867840000000002,1319.6276193800009,1319.6276193800009,-8.8,9.584,0.0,8.738,long_nclose,0.0,0.0,1127.0
1701860220000.0,51449,1701860220000.0,0.0,-0.0154112,1319.6122081800008,1319.3634081800008,8.0,9.632,8.0,9.632,long_ientry_normal,77.056,0.05839291234375214,962.0
1701883500000.0,51837,1701883500000.0,7.456000000000003,-0.0169024,1327.0513057800008,1327.0513057800008,-8.0,10.564,0.0,9.632,long_nclose,0.0,0.0,388.0
1701901500000.0,52137,1701901500000.0,0.0,-0.015515600000000001,1327.0357901800007,1327.3328301800007,7.9,9.82,7.9,9.82,long_ientry_normal,77.578,0.05845961395621231,300.0
1702009440000.0,53936,1702009440000.0,0.0,-0.015624000000000002,1327.0201661800008,1323.3636761800008,8.4,9.3,16.3,9.552024539877301,long_rentry,155.698,0.11732903837339326,1799.0
1702055520000.0,54704,1702055520000.0,0.0,-0.0305014,1326.9896647800008,1319.4703447800007,17.0,8.971,33.3,9.255405405405407,long_rentry,308.20500000000004,0.23225877953698817,768.0
1702109580000.0,55605,1702109580000.0,7.600789189189178,-0.01892032,1334.5715336491899,1355.0082944600006,-9.4,10.064,23.9,9.255405405405407,long_nclose,221.2041891891892,0.1657492188405509,901.0
1702109700000.0,55607,1702109700000.0,21.404710810810773,-0.04852178,1355.9277226800004,1355.9277226800004,-23.9,10.151,0.0,9.255405405405407,long_nclose,0.0,0.0,2.0
1702124520000.0,55854,1702124520000.0,0.0,-0.01585632,1355.9118663600004,1355.9707963600003,8.3,9.552,8.3,9.552,long_ientry_normal,79.2816,0.05847105698162715,247.0
1702202340000.0,57151,1702202340000.0,0.0,-0.01592096,1355.8959454000005,1351.8842454000005,8.8,9.046,17.1,9.291602339181285,long_rentry,158.88639999999998,0.11718185347410798,1297.0
1702260720000.0,58124,1702260720000.0,0.0,-0.03106456000000001,1355.8648808400005,1344.3433808400005,17.8,8.726,34.9,9.00312893982808,long_rentry,314.2092,0.23174079101845135,973.0
1702264260000.0,58183,1702264260000.0,7.711336389684804,-0.019188399999999998,1363.5570288296854,1384.0680224400005,-9.8,9.79,25.1,9.00312893982808,long_nclose,225.97853638968482,0.16572723517375568,59.0
1702264320000.0,58184,1702264320000.0,21.858863610315193,-0.04956748000000001,1385.3663249600006,1385.3663249600006,-25.1,9.874,0.0,9.00312893982808,long_nclose,0.0,0.0,1.0
1702303500000.0,58837,1702303500000.0,0.0,-0.016209900000000003,1385.3501150600007,1386.0315450600008,8.3,9.765,8.3,9.765,long_ientry_normal,81.04950000000001,0.05850470514198477,653.0
1702331100000.0,59297,1702331100000.0,7.843500000000003,-0.017778600000000006,1393.1758364600007,1393.1758364600007,-8.3,10.71,0.0,9.765,long_nclose,0.0,0.0,460.0
1702433520000.0,61004,1702433520000.0,0.0,-0.016454959999999998,1393.1593815000008,1393.9545815000008,7.1,11.588,7.1,11.588,long_ientry_normal,82.27479999999998,0.05905627244990127,1707.0
1702449780000.0,61275,1702449780000.0,0.0,-0.016240040000000004,1393.1431414600008,1388.7055914600007,7.4,10.973,14.5,11.274137931034483,long_rentry,163.475,0.11734257244282863,271.0
1702480680000.0,61790,1702480680000.0,15.8175,-0.0358585,1408.924782960001,1408.924782960001,-14.5,12.365,0.0,11.274137931034483,long_nclose,0.0,0.0,515.0
1702641840000.0,64476,1702641840000.0,0.0,-0.01649944,1408.908283520001,1409.084363520001,6.2,13.306,6.2,13.306,long_ientry_normal,82.49719999999999,0.05855398890401147,2686.0
1702742220000.0,66149,1702742220000.0,7.985600000000002,-0.01809656,1416.875786960001,1416.875786960001,-6.2,14.594,0.0,13.306,long_nclose,0.0,0.0,1673.0
1702751580000.0,66305,1702751580000.0,0.0,-0.0166713,1416.859115660001,1416.940855660001,6.1,13.665,6.1,13.665,long_ientry_normal,83.3565,0.05883189025549015,156.0
1702782420000.0,66819,1702782420000.0,0.0,-0.0165632,1416.842552460001,1412.3925524600008,6.4,12.94,12.5,13.2938,long_rentry,166.17249999999999,0.11728367397738164,514.0
1702863540000.0,68171,1702863540000.0,0.0,-0.032461000000000004,1416.8100914600009,1404.109291460001,13.0,12.485,25.5,12.881470588235292,long_rentry,328.47749999999996,0.23184299856412582,1352.0
1702877640000.0,68406,1702877640000.0,0.0,-0.0630753,1416.7470161600008,1391.089816160001,26.5,11.901,52.0,12.38180769230769,long_rentry,643.8539999999999,0.45445940076522884,235.0
1702895520000.0,68704,1702895520000.0,0.0,-0.15456511999999997,1416.592451040001,1345.1207710400008,69.8,11.072,121.8,11.63119540229885,long_rentry,1416.6796,1.0000615201358267,298.0
1702909380000.0,68935,1702909380000.0,11.749733333333358,-0.04957260000000001,1428.2926117733343,1494.186878440001,-20.3,12.21,101.5,11.63119540229885,long_nclose,1180.5663333333332,0.8265577540638329,231.0
1702909380000.0,68935,1702909380000.0,13.962433333333358,-0.05001514000000001,1442.2050299666678,1494.9204433000011,-20.3,12.319,81.2,11.63119540229885,long_nclose,944.4530666666667,0.654867405842077,0.0
1702909380000.0,68935,1702909380000.0,16.195433333333348,-0.050461740000000005,1458.3500015600011,1497.8865615600012,-20.3,12.429,60.9,11.63119540229885,long_nclose,708.3398,0.4857131684727856,0.0
1702910520000.0,68954,1702910520000.0,17.319967816091967,-0.047895160000000006,1475.622074216093,1514.2120264000012,-19.1,12.538,41.8,11.63119540229885,long_nclose,486.1839678160919,0.32947729388933916,19.0
1702933620000.0,69339,1702933620000.0,20.925574712643694,-0.05210564000000001,1496.4955432887368,1516.2858407600013,-20.6,12.647,21.2,11.63119540229885,long_nclose,246.5813425287356,0.16477252046260168,385.0
1702943160000.0,69498,1702943160000.0,23.867057471264367,-0.05408968,1520.3085110800012,1520.3085110800012,-21.2,12.757,0.0,11.63119540229885,long_nclose,0.0,0.0,159.0
1702989180000.0,70265,1702989180000.0,0.0,-0.017771600000000002,1520.290739480001,1519.892439480001,7.0,12.694,7.0,12.694,long_ientry_normal,88.858,0.05844803082231029,767.0
1702991040000.0,70296,1702991040000.0,0.0,-0.017791080000000004,1520.272948400001,1519.979868400001,7.4,12.021,14.4,12.34815277777778,long_rentry,177.81340000000006,0.11696149707007437,31.0
1703009520000.0,70604,1703009520000.0,0.0,-0.034794,1520.2381544000011,1508.965554400001,15.0,11.598,29.4,11.965421768707486,long_rentry,351.7834000000001,0.2314001914646327,308.0
1703065200000.0,71532,1703065200000.0,8.573741496598606,-0.02133804,1528.7905578565997,1549.981616360001,-8.2,13.011,21.2,11.965421768707486,long_nclose,253.6669414965987,0.16592654905734486,928.0
1703065500000.0,71537,1703065500000.0,24.54065850340128,-0.05564151999999999,1553.275574840001,1553.275574840001,-21.2,13.123,0.0,11.965421768707486,long_nclose,0.0,0.0,5.0
1703118120000.0,72414,1703118120000.0,0.0,-0.01832976,1553.257245080001,1553.581245080001,7.2,12.729,7.2,12.729,long_ientry_normal,91.6488,0.05900426364679831,877.0
1703236500000.0,74387,1703236500000.0,0.0,-0.01832208,1553.238923000001,1548.704523000001,7.6,12.054,14.8,12.382378378378377,long_rentry,183.2592,0.11798519679512298,1973.0
1703395260000.0,77033,1703395260000.0,17.739600000000017,-0.04019976,1570.9383232400012,1570.9383232400012,-14.8,13.581,0.0,12.382378378378377,long_nclose,0.0,0.0,2646.0
1703522340000.0,79151,1703522340000.0,0.0,-0.01851478,1570.9198084600011,1570.8528084600011,6.7,13.817,6.7,13.817,long_ientry_normal,92.57390000000001,0.05892974262687014,2118.0
1703578440000.0,80086,1703578440000.0,0.0,-0.0183176,1570.901490860001,1566.634290860001,7.0,13.084,13.7,13.442474452554745,long_rentry,184.1619,0.11723325814604661,935.0
1703611440000.0,80636,1703611440000.0,0.0,-0.03610750000000001,1570.865383360001,1562.297983360001,14.3,12.625,28.0,13.024978571428573,long_rentry,364.6994,0.2321646424087127,550.0
1703612340000.0,80651,1703612340000.0,0.0,-0.07027272,1570.795110640001,1539.473310640001,29.2,12.033,57.2,12.518583916083916,long_rentry,716.063,0.4558602170007067,15.0
1704133800000.0,89342,1704133800000.0,14.841524475524466,-0.04102479999999999,1585.5956103155254,1626.731085840001,-15.2,13.495,42.0,12.518583916083916,long_nclose,525.7805244755244,0.33159812063991323,8691.0
1704146940000.0,89561,1704146940000.0,22.74305454545455,-0.05662592000000001,1608.2820389409799,1631.7592599200009,-20.8,13.612,21.2,12.518583916083916,long_nclose,265.39397902097903,0.16501706329801172,219.0
1704148260000.0,89583,1704148260000.0,25.682020979020994,-0.05821520000000001,1633.905844720001,1633.905844720001,-21.2,13.73,0.0,12.518583916083916,long_nclose,0.0,0.0,22.0
1704208560000.0,90588,1704208560000.0,0.0,-0.01910264,1633.8867420800009,1634.0619420800008,7.3,13.084,7.3,13.084,long_ientry_normal,95.5132,0.05845766266418687,1005.0
1704282900000.0,91827,1704282900000.0,0.0,-0.01908214,1633.867659940001,1627.968759940001,7.7,12.391,15.0,12.728259999999999,long_rentry,190.92389999999997,0.11685395621761134,1239.0
1704283260000.0,91833,1704283260000.0,0.0,-0.0372996,1633.8303603400009,1618.008660340001,15.6,11.955,30.6,12.334049019607843,long_rentry,377.4219,0.23100433751363167,6.0
1704283680000.0,91840,1704283680000.0,0.0,-0.07271286,1633.757647480001,1551.646447480001,31.9,11.397,62.5,11.8557792,long_rentry,740.9862,0.45354719602563975,7.0
1704283680000.0,91840,1704283680000.0,0.0,-0.17855452000000002,1633.579092960001,1546.3316929600007,84.2,10.603,146.7,11.136733469665986,long_rentry,1633.7588,1.0001100081659795,0.0
1704284580000.0,91855,1704284580000.0,13.413250034083164,-0.05658444000000001,1646.935758554084,1720.713408520001,-24.2,11.691,122.5,11.136733469665986,long_nclose,1364.2498500340832,0.8283564449604379,15.0
1704284640000.0,91856,1704284640000.0,15.624616768916125,-0.055913040000000004,1662.5044622830003,1739.5947954800008,-23.7,11.796,98.8,11.136733469665986,long_nclose,1100.3092668029994,0.6618383840558372,1.0
1704284640000.0,91856,1704284640000.0,18.852683299250163,-0.058786000000000005,1681.2983595822504,1739.116109480001,-24.7,11.9,74.1,11.136733469665986,long_nclose,825.2319501022495,0.49083016431854104,0.0
1704285420000.0,91869,1704285420000.0,20.577916768916158,-0.05690370000000001,1701.8193726511665,1745.4288057800009,-23.7,12.005,50.4,11.136733469665986,long_nclose,561.2913668711657,0.3298184142755186,13.0
1704286020000.0,91879,1704286020000.0,24.23433660531694,-0.0603078,1725.9934014564835,1753.5146979800008,-24.9,12.11,25.5,11.136733469665986,long_nclose,283.98670347648266,0.16453521968093263,10.0
1704286020000.0,91879,1704286020000.0,27.470296523517376,-0.062291400000000004,1753.4014065800009,1753.4014065800009,-25.5,12.214,0.0,11.136733469665986,long_nclose,0.0,0.0,0.0
1704286080000.0,91880,1704286080000.0,0.0,-0.02052288,1753.3808837000008,1754.1788837000008,8.4,12.216,8.4,12.216,long_ientry_normal,102.6144,0.058523736031307776,1.0
1704291360000.0,91968,1704291360000.0,0.0,-0.020592820000000005,1753.3602908800008,1748.4963908800007,8.9,11.569,17.3,11.88315028901734,long_rentry,205.5785,0.11724829236141843,88.0
1704338640000.0,92756,1704338640000.0,19.892400000000002,-0.045094180000000005,1773.2075967000007,1773.2075967000007,-17.3,13.033,0.0,11.88315028901734,long_nclose,0.0,0.0,788.0
1704473880000.0,95010,1704473880000.0,0.0,-0.020879400000000003,1773.1867173000007,1772.9107173000007,6.9,15.13,6.9,15.13,long_ientry_normal,104.397,0.05887535643113965,2254.0
1704521340000.0,95801,1704521340000.0,0.0,-0.02091888,1773.1657984200008,1767.5325984200008,7.3,14.328,14.2,14.717704225352115,long_rentry,208.99140000000003,0.11786342833040438,791.0
1704673020000.0,98329,1704673020000.0,0.0,-0.04091016,1773.1248882600007,1762.4506882600008,14.8,13.821,29.0,14.260075862068966,long_rentry,413.54220000000004,0.2332279033124488,2528.0
1704681480000.0,98470,1704681480000.0,0.0,-0.07955888,1773.0453293800008,1752.9167293800008,30.2,13.172,59.2,13.705010135135137,long_rentry,811.3366000000001,0.4575949562912239,141.0
1704761100000.0,99797,1704761100000.0,17.08783783783781,-0.0472736,1790.0858936178388,1834.8838557800009,-16.0,14.773,43.2,13.705010135135137,long_nclose,592.056437837838,0.330741915764314,1327.0
1704761700000.0,99807,1704761700000.0,25.61558310810806,-0.06378056,1815.6376961659469,1841.6448752200008,-21.4,14.902,21.8,13.705010135135137,long_nclose,298.76922094594596,0.16455332557638133,10.0
1704762120000.0,99814,1704762120000.0,28.90657905405404,-0.06553516000000001,1844.4787400600007,1844.4787400600007,-21.8,15.031,0.0,13.705010135135137,long_nclose,0.0,0.0,7.0
1704804960000.0,100528,1704804960000.0,0.0,-0.0216299,1844.4571101600006,1849.7861101600006,7.3,14.815,7.3,14.815,long_ientry_normal,108.14949999999999,0.058634868441380224,714.0
1704808920000.0,100594,1704808920000.0,10.460900000000011,-0.02372208,1854.8942880800007,1854.8942880800007,-7.3,16.248,0.0,14.815,long_nclose,0.0,0.0,66.0
1704832020000.0,100979,1704832020000.0,0.0,-0.02180448,1854.8724836000008,1854.9660836000007,7.2,15.142,7.2,15.142,long_ientry_normal,109.0224,0.05877622368326126,385.0
1704891420000.0,101969,1704891420000.0,0.0,-0.02179528,1854.8506883200007,1850.8006883200007,7.6,14.339,14.8,14.729648648648649,long_rentry,217.99880000000002,0.11752902881765039,990.0
1704923940000.0,102511,1704923940000.0,21.095200000000016,-0.04781880000000001,1875.8980695200007,1875.8980695200007,-14.8,16.155,0.0,14.729648648648649,long_nclose,0.0,0.0,542.0
1704953640000.0,103006,1704953640000.0,0.0,-0.02203344,1875.8760360800006,1876.1568360800006,7.2,15.301,7.2,15.301,long_ientry_normal,110.16720000000001,0.05872840096097997,495.0
1704962820000.0,103159,1704962820000.0,10.6632,-0.02416608,1886.5150700000006,1886.5150700000006,-7.2,16.782,0.0,15.301,long_nclose,0.0,0.0,153.0
1704987600000.0,103572,1704987600000.0,0.0,-0.0221018,1886.4929682000006,1887.2909682000006,7.0,15.787,7.0,15.787,long_ientry_normal,110.509,0.058579068071185174,413.0
1705147200000.0,106232,1705147200000.0,10.696000000000003,-0.024241000000000002,1897.1647272000005,1897.1647272000005,-7.0,17.315,0.0,15.787,long_nclose,0.0,0.0,2660.0
1705275300000.0,108367,1705275300000.0,0.0,-0.02215398,1897.1425732200005,1896.8680732200005,6.1,18.159,6.1,18.159,long_ientry_normal,110.76989999999999,0.058387757232178594,2135.0
1705298460000.0,108753,1705298460000.0,10.717700000000008,-0.02429752,1907.8359757000005,1907.8359757000005,-6.1,19.916,0.0,18.159,long_nclose,0.0,0.0,386.0
1705327920000.0,109244,1705327920000.0,0.0,-0.022552800000000005,1907.8134229000004,1907.8494229000005,6.0,18.794,6.0,18.794,long_ientry_normal,112.76400000000001,0.05910640875384523,491.0
1705541760000.0,112808,1705541760000.0,0.0,-0.02242422,1907.7909986800005,1900.8003986800004,6.3,17.797,12.3,18.283341463414637,long_rentry,224.88510000000005,0.11787722038504109,3564.0
1705580580000.0,113455,1705580580000.0,0.0,-0.04395520000000001,1907.7470434800005,1893.8270434800006,12.8,17.17,25.1,17.715581673306772,long_rentry,444.66110000000003,0.23308179222171682,647.0
1705635120000.0,114364,1705635120000.0,0.0,-0.0854253,1907.6616181800005,1877.3460181800003,26.1,16.365,51.2,17.0271015625,long_rentry,871.7876000000001,0.4569927872385076,909.0
1705693140000.0,115331,1705693140000.0,18.311198437499986,-0.05065704,1925.9221595775005,1973.1545611400004,-13.8,18.354,37.4,17.0271015625,long_nclose,636.8135984375,0.3306538612013276,967.0
1705696620000.0,115389,1705696620000.0,27.526121093750003,-0.06850550000000001,1953.3797751712505,1980.6694556400005,-18.5,18.515,18.9,17.0271015625,long_nclose,321.81221953125,0.16474636607878113,58.0
1705917060000.0,119063,1705917060000.0,0.0,-0.06258296,1953.3171922112504,1932.8319726800003,19.7,15.884,38.6,16.44370516920337,long_rentry,634.7270195312501,0.32494825830755536,3674.0
1705997700000.0,120407,1705997700000.0,0.0,-0.2637888,1953.0534034112504,1898.1291838800003,88.0,14.988,126.6,15.43184059661335,long_rentry,1953.67101953125,1.0003162310456646,1344.0
1706052420000.0,121319,1706052420000.0,16.2081634114583,-0.06836400000000001,1969.1932028227088,2048.6515198800003,-21.1,16.2,105.5,15.43184059661335,long_nclose,1628.0591829427085,0.8267645757709263,912.0
1706054040000.0,121346,1706054040000.0,18.53713588874897,-0.0663607,1987.6639780114579,2064.3575591800004,-20.3,16.345,85.2,15.43184059661335,long_nclose,1314.7928188314575,0.6614764031427641,27.0
1706057280000.0,121400,1706057280000.0,21.90389965010362,-0.0682686,2009.4996090615614,2076.1383905800003,-20.7,16.49,64.5,15.43184059661335,long_nclose,995.353718481561,0.4953241662716184,54.0
1706057460000.0,121403,1706057460000.0,25.146031530781016,-0.06953430000000001,2034.5761062923425,2085.6386562800003,-20.9,16.635,43.6,15.43184059661335,long_nclose,672.8282500123421,0.33069701739418017,3.0
1706087880000.0,121910,1706087880000.0,29.120243113151666,-0.07248960000000002,2063.6238598054942,2092.9313666800003,-21.6,16.78,22.0,15.43184059661335,long_nclose,339.5004931254937,0.16451665428868084,507.0
1706093340000.0,122001,1706093340000.0,32.84950687450632,-0.07447000000000001,2096.3988966800007,2096.3988966800007,-22.0,16.925,0.0,15.43184059661335,long_nclose,0.0,0.0,91.0
1706120040000.0,122446,1706120040000.0,0.0,-0.024606120000000002,2096.3742905600006,2096.3434905600006,7.7,15.978,7.7,15.978,long_ientry_normal,123.0306,0.058687325328310086,445.0
1706196360000.0,123718,1706196360000.0,0.0,-0.02451222,2096.3497783400007,2089.6066783400006,8.1,15.131,15.8,15.543778481012657,long_rentry,245.5917,0.11715206237886139,1272.0
1706328780000.0,125925,1706328780000.0,23.766699999999993,-0.05387167999999999,2120.0626066600007,2120.0626066600007,-15.8,17.048,0.0,15.543778481012657,long_nclose,0.0,0.0,2207.0
1706444640000.0,127856,1706444640000.0,0.0,-0.024989800000000003,2120.0376168600005,2119.9488168600005,7.4,16.885,7.4,16.885,long_ientry_normal,124.94900000000001,0.05893716177784745,1931.0
1706614980000.0,130695,1706614980000.0,12.091599999999977,-0.027408119999999998,2132.1018087400007,2132.1018087400007,-7.4,18.519,0.0,16.885,long_nclose,0.0,0.0,2839.0
1706657220000.0,131399,1706657220000.0,0.0,-0.0250222,2132.0767865400007,2132.237786540001,7.0,17.873,7.0,17.873,long_ientry_normal,125.111,0.05868034434305434,704.0
1706693340000.0,132001,1706693340000.0,0.0,-0.02505048,2132.0517360600006,2125.480336060001,7.4,16.926,14.4,17.38634722222222,long_rentry,250.36339999999998,0.11742838870442598,602.0
1706733300000.0,132667,1706733300000.0,0.0,-0.048987,2132.0027490600005,2117.3943490600004,15.0,16.329,29.4,16.846884353741494,long_rentry,495.2983999999999,0.2323160231469574,666.0
1706944020000.0,136179,1706944020000.0,12.218559863945593,-0.03040954,2144.190899383946,2174.6828395200005,-8.3,18.319,21.1,16.846884353741494,long_nclose,355.4692598639455,0.16578246832689966,3512.0
1706956200000.0,136382,1706956200000.0,34.39544013605448,-0.07797294,2178.5083665800003,2178.5083665800003,-21.1,18.477,0.0,16.846884353741494,long_nclose,0.0,0.0,203.0
1707002700000.0,137157,1707002700000.0,0.0,-0.02555568,2178.4828109000005,2178.7780109000005,7.2,17.747,7.2,17.747,long_ientry_normal,127.7784,0.05865476622567919,775.0
1707036720000.0,137724,1707036720000.0,0.0,-0.02554512,2178.4572657800004,2172.49606578,7.6,16.806,14.8,17.263783783783786,long_rentry,255.50400000000005,0.11728667071580878,567.0
1707350460000.0,142953,1707350460000.0,24.71919999999998,-0.05604464000000001,2203.1204211400004,2203.1204211400004,-14.8,18.934,0.0,17.263783783783786,long_nclose,0.0,0.0,5229.0
1707472320000.0,144984,1707472320000.0,0.0,-0.02570436,2203.0947167800005,2203.2927167800003,6.6,19.473,6.6,19.473,long_ientry_normal,128.52179999999998,0.05833693804497198,2031.0
1707999000000.0,153762,1707999000000.0,0.0,-0.0258188,2203.0688979800007,2197.0802979800005,7.0,18.442,13.6,18.94233823529412,long_rentry,257.61580000000004,0.11693497204568074,8778.0
1708095120000.0,155364,1708095120000.0,0.0,-0.05052644,2203.0183715400008,2185.1361715400008,14.2,17.791,27.8,18.35424460431655,long_rentry,510.24800000000005,0.23161313886062404,1602.0
1708508340000.0,162251,1708508340000.0,0.0,-0.09801723999999999,2202.920354300001,2166.316054300001,28.9,16.958,56.7,17.642578483245146,long_rentry,1000.3341999999998,0.45409458315067663,6887.0
1708704360000.0,165518,1708704360000.0,0.0,-0.24044148,2202.679912820001,2110.856112820001,76.2,15.777,132.9,16.57292400300978,long_rentry,2202.5416,0.9999372070271327,3267.0
1708831740000.0,167641,1708831740000.0,18.06916433408578,-0.07620323999999999,2220.6728739140867,2312.0343095800013,-21.9,17.398,111.0,16.57292400300978,long_nclose,1839.5945643340858,0.8283951166079115,2123.0
1708968060000.0,169913,1708968060000.0,20.973626335590698,-0.07512684,2241.5713734096776,2324.906182740001,-21.4,17.553,89.6,16.57292400300978,long_nclose,1484.9339906696764,0.6624522459041435,2272.0
1709026800000.0,170892,1709026800000.0,24.76645673438676,-0.07721124,2266.2606189040644,2346.066371500001,-21.8,17.709,67.8,16.57292400300978,long_nclose,1123.6442474040632,0.4958142227911297,979.0
1709037780000.0,171075,1709037780000.0,28.68408713318282,-0.07932059999999999,2294.8653854372474,2351.3216509000013,-22.2,17.865,45.6,16.57292400300978,long_nclose,755.725334537246,0.32931140071784887,183.0
1709141520000.0,172804,1709141520000.0,0.0,-0.3079788,2294.5574066372474,2236.7016721000014,102.0,15.097,147.6,15.552976521255054,long_rentry,2295.619334537246,1.0004628029339893,1729.0
1709142240000.0,172816,1709142240000.0,19.040977577125705,-0.08032884000000001,2313.518055374373,2411.0599432600015,-24.6,16.327,123.0,15.552976521255054,long_nclose,1913.0161121143717,0.826886182137363,12.0
1709143020000.0,172829,1709143020000.0,21.89655879412968,-0.07841147999999999,2335.336202688503,2415.0953317800013,-23.8,16.473,99.2,15.552976521255054,long_nclose,1542.8552709085013,0.6606565980231558,13.0
1709165760000.0,173208,1709165760000.0,25.477961142004194,-0.07943882000000001,2360.7347250105067,2440.027392960001,-23.9,16.619,75.3,15.552976521255054,long_nclose,1171.1391320505056,0.4960909498399035,379.0
1709165880000.0,173210,1709165880000.0,29.93697992500017,-0.0828191,2390.588885835507,2453.789473860001,-24.7,16.765,50.6,15.552976521255054,long_nclose,786.9806119755058,0.3291994774335518,2.0
1709166060000.0,173213,1709166060000.0,33.83968462074912,-0.08422175999999999,2424.344348696256,2461.070252100001,-24.9,16.912,25.7,15.552976521255054,long_nclose,399.7114965962549,0.16487406040779992,3.0
1709166240000.0,173216,1709166240000.0,38.679103403745096,-0.08767812000000001,2462.935773980001,2462.935773980001,-25.7,17.058,0.0,15.552976521255054,long_nclose,0.0,0.0,3.0
1709189820000.0,173609,1709189820000.0,0.0,-0.0287419,2462.907032080001,2463.264032080001,8.5,16.907,8.5,16.907,long_ientry_normal,143.7095,0.05834954309202361,393.0
