,timestamp,bkr_price_long,bkr_price_short,psize_long,pprice_long,psize_short,pprice_short,price,closest_bkr_long,closest_bkr_short,balance_long,balance_short,equity_long,equity_short,wallet_exposure_long,wallet_exposure_short
0,1710498600000.0,0.0,0.0,0.0,0.0,0.0,0.0,0.005175,1.0,1.0,1000.0,1000.0,1000.0,1000.0,0.0,0.0
1,1710502200000.0,0.0,0.0,0.0,0.0,0.0,0.0,0.00441,1.0,1.0,1000.0,1000.0,1000.0,1000.0,0.0,0.0
2,1710505800000.0,0.0,0.0,0.0,0.0,0.0,0.0,0.005115,1.0,1.0,1000.0,1000.0,1000.0,1000.0,0.0,0.0
3,1710509400000.0,0.0,0.0,0.0,0.0,0.0,0.0,0.005814,1.0,1.0,1000.0,1000.0,1000.0,1000.0,0.0,0.0
4,1710513000000.0,0.0,0.0,0.0,0.0,0.0,0.0,0.007361,1.0,1.0,1000.0,1000.0,1000.0,1000.0,0.0,0.0
5,1710516600000.0,0.0,0.0,0.0,0.0,0.0,0.0,0.008877,1.0,1.0,1000.0,1000.0,1000.0,1000.0,0.0,0.0
6,1710520200000.0,0.0,0.0,0.0,0.0,0.0,0.0,0.00914,1.0,1.0,1000.0,1000.0,1000.0,1000.0,0.0,0.0
7,1710523800000.0,0.0,0.0,0.0,0.0,0.0,0.0,0.009508,1.0,1.0,1000.0,1000.0,1000.0,1000.0,0.0,0.0
8,1710527400000.0,0.0,0.0,0.0,0.0,0.0,0.0,0.008563,1.0,1.0,1000.0,1000.0,1000.0,1000.0,0.0,0.0
9,1710531000000.0,0.0,0.0,0.0,0.0,0.0,0.0,0.008603,1.0,1.0,1000.0,1000.0,1000.0,1000.0,0.0,0.0
10,1710534600000.0,0.0,0.0,0.0,0.0,0.0,0.0,0.007483,1.0,1.0,1000.0,1000.0,1000.0,1000.0,0.0,0.0
11,1710538200000.0,0.0,0.0,0.0,0.0,0.0,0.0,0.008032,1.0,1.0,1000.0,1000.0,1000.0,1000.0,0.0,0.0
12,1710541800000.0,0.0,0.0,0.0,0.0,0.0,0.0,0.008616,1.0,1.0,1000.0,1000.0,1000.0,1000.0,0.0,0.0
13,1710545400000.0,0.0,0.0,0.0,0.0,0.0,0.0,0.008964,1.0,1.0,1000.0,1000.0,1000.0,1000.0,0.0,0.0
14,1710549000000.0,0.0,0.0,0.0,0.0,0.0,0.0,0.009846,1.0,1.0,1000.0,1000.0,1000.0,1000.0,0.0,0.0
15,1710552600000.0,0.0,0.0,0.0,0.0,0.0,0.0,0.010729,1.0,1.0,1000.0,1000.0,1000.0,1000.0,0.0,0.0
16,1710556200000.0,0.0,0.0,0.0,0.0,0.0,0.0,0.012778,1.0,1.0,1000.0,1000.0,1000.0,1000.0,0.0,0.0
17,1710559800000.0,0.0,0.0,0.0,0.0,0.0,0.0,0.012856,1.0,1.0,1000.0,1000.0,1000.0,1000.0,0.0,0.0
18,1710563400000.0,0.0,0.0,0.0,0.0,0.0,0.0,0.013743,1.0,1.0,1000.0,1000.0,1000.0,1000.0,0.0,0.0
19,1710567000000.0,0.0,0.0,0.0,0.0,0.0,0.0,0.012016,1.0,1.0,1000.0,1000.0,1000.0,1000.0,0.0,0.0
20,1710570600000.0,0.0,0.0,0.0,0.0,0.0,0.0,0.012422,1.0,1.0,1000.0,1000.0,1000.0,1000.0,0.0,0.0
21,1710574200000.0,0.0,0.0,0.0,0.0,0.0,0.0,0.01268,1.0,1.0,1000.0,1000.0,1000.0,1000.0,0.0,0.0
22,1710577800000.0,0.0,0.0,0.0,0.0,0.0,0.0,0.01343,1.0,1.0,1000.0,1000.0,1000.0,1000.0,0.0,0.0
23,1710581400000.0,0.0,0.0,0.0,0.0,0.0,0.0,0.014726,1.0,1.0,1000.0,1000.0,1000.0,1000.0,0.0,0.0
24,1710585000000.0,0.0,0.0,0.0,0.0,0.0,0.0,0.019626,1.0,1.0,1000.0,1000.0,1000.0,1000.0,0.0,0.0
25,1710588600000.0,0.0,0.0,0.0,0.0,0.0,0.0,0.022507,1.0,1.0,1000.0,1000.0,1000.0,1000.0,0.0,0.0
26,1710592200000.0,0.0,0.0,0.0,0.0,0.0,0.0,0.021081,1.0,1.0,1000.0,1000.0,1000.0,1000.0,0.0,0.0
27,1710595800000.0,0.0,0.0,0.0,0.0,0.0,0.0,0.02441,1.0,1.0,1000.0,1000.0,1000.0,1000.0,0.0,0.0
28,1710599400000.0,0.0,0.0,0.0,0.0,0.0,0.0,0.02601,1.0,1.0,1000.0,1000.0,1000.0,1000.0,0.0,0.0
29,1710603000000.0,0.0,0.0,0.0,0.0,0.0,0.0,0.022003,1.0,1.0,1000.0,1000.0,1000.0,1000.0,0.0,0.0
30,1710606600000.0,0.0,0.0,0.0,0.0,0.0,0.0,0.02247,1.0,1.0,1000.0,1000.0,1000.0,1000.0,0.0,0.0
31,1710610200000.0,0.0,0.0,0.0,0.0,0.0,0.0,0.021163,1.0,1.0,1000.0,1000.0,1000.0,1000.0,0.0,0.0
32,1710613800000.0,0.0,0.0,0.0,0.018172,0.0,0.0,0.019081,1.0,1.0,1005.8885267000003,1000.0,1005.8885267000003,1000.0,0.0,0.0
33,1710617400000.0,0.0,0.0,0.0,0.017645,0.0,0.0,0.01908,1.0,1.0,1014.1492861000002,1000.0,1014.1492861000002,1000.0,0.0,0.0
34,1710621000000.0,0.0,0.0,0.0,0.017645,0.0,0.0,0.020592,1.0,1.0,1014.1492861000002,1000.0,1014.1492861000002,1000.0,0.0,0.0
35,1710624600000.0,0.0,0.0,0.0,0.017645,0.0,0.0,0.019405,1.0,1.0,1014.1492861000002,1000.0,1014.1492861000002,1000.0,0.0,0.0
36,1710628200000.0,0.0,0.0,0.0,0.018582768026277723,0.0,0.0,0.019625,1.0,1.0,1018.0712947999998,1000.0,1018.0712947999998,1000.0,0.0,0.0
37,1710631800000.0,0.0,0.0,0.0,0.018371702222222223,0.0,0.0,0.019367,1.0,1.0,1023.9995639799996,1000.0,1023.9995639799996,1000.0,0.0,0.0
38,1710635400000.0,0.0,0.0,0.0,0.018371702222222223,0.0,0.0,0.022865,1.0,1.0,1023.9995639799996,1000.0,1023.9995639799996,1000.0,0.0,0.0
39,1710639000000.0,0.0,0.0,0.0,0.018371702222222223,0.0,0.0,0.021331,1.0,1.0,1023.9995639799996,1000.0,1023.9995639799996,1000.0,0.0,0.0
40,1710642600000.0,0.0,0.0,0.0,0.018371702222222223,0.0,0.0,0.024222,1.0,1.0,1023.9995639799996,1000.0,1023.9995639799996,1000.0,0.0,0.0
41,1710646200000.0,0.0,0.0,0.0,0.018371702222222223,0.0,0.0,0.023466,1.0,1.0,1023.9995639799996,1000.0,1023.9995639799996,1000.0,0.0,0.0
42,1710649800000.0,0.0,0.0,0.0,0.02028652,0.0,0.0,0.021234,1.0,1.0,1025.70988044,1000.0,1025.70988044,1000.0,0.0,0.0
43,1710653400000.0,0.0,0.0,0.0,0.02028652,0.0,0.0,0.020809,1.0,1.0,1025.70988044,1000.0,1025.70988044,1000.0,0.0,0.0
44,1710657000000.0,0.0,0.0,15600.0,0.018926333333333337,0.0,0.0,0.019118,1.0,1.0,1026.3569580399999,1000.0,1029.34695804,1000.0,0.2876687274219203,0.0
45,1710660600000.0,0.0,0.0,1600.0,0.019448354632369054,0.0,0.0,0.019909,1.0,1.0,1034.8083371317891,1000.0,1035.5453697199987,1000.0,0.03007065781673104,0.0
46,1710664200000.0,0.0,0.0,2500.0,0.02017923076923077,0.0,0.0,0.020197,1.0,1.0,1038.329943923076,1000.0,1038.374366999999,1000.0,0.048585786452879504,0.0
47,1710667800000.0,0.0,0.0,4800.0,0.01935605928994083,0.0,0.0,0.019565,1.0,1.0,1039.2683091717147,1000.0,1040.2712245799987,1000.0,0.08939855451357262,0.0
48,1710671400000.0,0.0,0.0,2000.0,0.018397626571391715,0.0,0.0,0.018524,0.9994173223598279,1.0,1067.3429072027818,1000.0,1067.5956540599984,1000.0,0.03447369434366119,0.0
49,1710675000000.0,0.0,0.0,3000.0,0.01801133391567701,0.0,0.0,0.018033,0.9994173223598279,1.0,1071.6376852270298,1000.0,1071.7026834799988,1000.0,0.050421893977705495,0.0
50,1710678600000.0,0.0,0.0,3300.0,0.016649,0.0,0.0,0.01652,0.9994173223598279,1.0,1101.8095139999984,1000.0,1101.3838139999984,1000.0,0.04986497148725844,0.0
51,1710682200000.0,0.0,0.0,2800.0,0.01577396176658163,0.0,0.0,0.016,0.9994173223598279,1.0,1108.8368671464266,1000.0,1109.469774199998,1000.0,0.039831912389504016,0.0
52,1710685800000.0,0.0,0.0,2700.0,0.01660966252007395,0.0,0.0,0.016705,0.9994173223598279,1.0,1110.9510447641974,1000.0,1111.2084559599978,1000.0,0.04036729522471297,0.0
53,1710689400000.0,0.0,0.0,3000.0,0.016033599214329803,0.0,0.0,0.016135,0.9994173223598279,1.0,1112.443588762988,1000.0,1112.7477911199985,1000.0,0.04323886454006751,0.0
54,1710693000000.0,0.0,0.0,2600.0,0.01812595078282251,0.0,0.0,0.017553,0.9994173223598279,1.0,1118.384158915337,1000.0,1116.8944868799983,1000.0,0.042138894457379505,0.0
55,1710696600000.0,0.0,0.0,2400.0,0.017363676711487572,0.0,0.0,0.017676,0.9994173223598279,1.0,1123.061711147568,1000.0,1123.811287039998,1000.0,0.03710644187574341,0.0
56,1710700200000.0,0.0,0.0,3100.0,0.01811279538542416,0.0,0.0,0.017547,0.9994173223598279,1.0,1125.721127334813,1000.0,1123.967161639998,1000.0,0.04987884151002063,0.0
57,1710703800000.0,0.0,0.0,2500.0,0.018115914938173976,0.0,0.0,0.018248,0.9994173223598279,1.0,1126.3008896254332,1000.0,1126.6311022799982,1000.0,0.04021109080407161,0.0
58,1710707400000.0,0.0,0.0,8600.0,0.01752530579957534,0.0,0.0,0.017203,0.9994173223598279,1.0,1126.3667052963463,1000.0,1123.5948754199983,1000.0,0.13380866920839446,0.0
59,1710711000000.0,0.0,0.0,19200.0,0.016797239743780248,0.0,0.0,0.016816,0.9994173223598279,1.0,1127.0890841205792,1000.0,1127.4492810399984,1000.0,0.28614153719022095,0.0
60,1710714600000.0,0.0,0.0,4500.0,0.016797239743780248,0.0,0.0,0.017177,0.9994173223598279,1.0,1130.1176602870098,1000.0,1131.8265814399988,1000.0,0.06688469838425014,0.0
61,1710718200000.0,0.0,0.0,0.0,0.017775381119170527,0.0,0.0,0.019256,0.9994173223598279,1.0,1135.2098171399996,1000.0,1135.2098171399996,1000.0,0.0,0.0
62,1710721800000.0,0.0,0.0,2600.0,0.017958,0.0,0.0,0.018085,0.9994173223598279,1.0,1135.3035475799995,1000.0,1135.6337475799996,1000.0,0.04112626979764627,0.0
63,1710725400000.0,0.0,0.0,0.0,0.017963205322265623,0.0,0.0,0.018881,0.9994173223598279,1.0,1138.2133925799997,1000.0,1138.2133925799997,1000.0,0.0,0.0
64,1710729000000.0,0.0,0.0,3100.0,0.018057,0.0,0.0,0.018047,0.9994173223598279,1.0,1139.2468536399997,1000.0,1139.2158536399998,1000.0,0.049134829577232746,0.0
65,1710732600000.0,0.0,0.0,3100.0,0.018057,0.0,0.0,0.018037,0.9994173223598279,1.0,1139.2468536399997,1000.0,1139.1848536399998,1000.0,0.049134829577232746,0.0
66,1710736200000.0,0.0,0.0,2600.0,0.018048,0.0,0.0,0.018198,0.9994173223598279,1.0,1139.5423262199995,1000.0,1139.9323262199996,1000.0,0.041178637177659974,0.0
67,1710739800000.0,0.0,0.0,0.0,0.01802715625,0.0,0.0,0.01851,0.9994173223598279,1.0,1141.1779990000005,1000.0,1141.1779990000005,1000.0,0.0,0.0
68,1710743400000.0,0.0,0.0,3200.0,0.018062,0.0,0.0,0.017735,0.9994173223598279,1.0,1141.1664393200006,1000.0,1140.1200393200006,1000.0,0.05064852768930094,0.0
69,1710747000000.0,0.0,0.0,24700.0,0.016740210526315788,0.0,0.0,0.016538,0.9994173223598279,1.0,1141.0953023600007,1000.0,1136.1007023600007,1000.0,0.36235641242658573,0.0
70,1710750600000.0,0.0,0.0,73100.0,0.015602571819425445,0.0,0.0,0.01558,0.9994173223598279,1.0,1140.9498894000008,1000.0,1139.2998894000007,1000.0,0.9996477589386401,0.0
71,1710754200000.0,0.0,0.0,29700.0,0.014022083384015024,0.0,0.0,0.014345,0.9994173223598279,1.0,1161.7323251652467,1000.0,1171.3229486600005,1000.0,0.3584783409087019,0.0
72,1710757800000.0,0.0,0.0,4000.0,0.014519123676383104,0.0,0.0,0.014272,0.9994173223598279,1.0,1182.7205341855326,1000.0,1181.7320394800001,1000.0,0.04910415692201214,0.0
73,1710761400000.0,0.0,0.0,2600.0,0.01467460779287059,0.0,0.0,0.014532,0.9994173223598279,1.0,1186.5501747014637,1000.0,1186.1793944400001,1000.0,0.03215538716773025,0.0
74,1710765000000.0,0.0,0.0,4200.0,0.013840463750687848,0.0,0.0,0.013966,0.9994173223598279,1.0,1192.5085178328886,1000.0,1193.0357700799996,1000.0,0.048745939239517415,0.0
75,1710768600000.0,0.0,0.0,33400.0,0.012891992444691188,0.0,0.0,0.012837,0.9994173223598279,1.0,1192.7397204326853,1000.0,1190.9029727799996,1000.0,0.3610113256700141,0.0
76,1710772200000.0,0.0,0.0,3900.0,0.013167246068036705,0.0,0.0,0.013024,0.9994173223598279,1.0,1198.8179869853423,1000.0,1198.259327319999,1000.0,0.04283574339293845,0.0
77,1710775800000.0,0.0,0.0,4400.0,0.013312921022156272,0.0,0.0,0.013385,0.9994173223598279,1.0,1202.4867829174868,1000.0,1202.8039304199992,1000.0,0.048713094671500486,0.0
78,1710779400000.0,0.0,0.0,10300.0,0.012886326310265823,0.0,0.0,0.012897,0.9994173223598279,1.0,1203.0878470557375,1000.0,1203.1977860599995,1000.0,0.11032374844493696,0.0
79,1710783000000.0,0.0,0.0,64600.0,0.011191840823513351,0.0,0.0,0.011376,0.9994173223598279,1.0,1211.2581587389623,1000.0,1223.1548415399998,1000.0,0.5968941566937873,0.0
80,1710786600000.0,0.0,0.0,3400.0,0.010807302696464805,0.0,0.0,0.011038,0.9994173223598279,1.0,1228.68127154798,1000.0,1229.4656423799997,1000.0,0.029905908081179256,0.0
81,1710790200000.0,0.0,0.0,4300.0,0.01156552028134734,0.0,0.0,0.011564,0.9994173223598279,1.0,1232.6251252697928,1000.0,1232.6185880599992,1000.0,0.04034619787496904,0.0
82,1710793800000.0,0.0,0.0,5400.0,0.011689074849097876,0.0,0.0,0.011432,0.9994173223598279,1.0,1233.6777983651275,1000.0,1232.2895941799989,1000.0,0.051164902431393856,0.0
83,1710797400000.0,0.0,0.0,5200.0,0.011859008941373764,0.0,0.0,0.011567,0.9994173223598279,1.0,1234.9996440951425,1000.0,1233.481197599999,1000.0,0.049932683616541074,0.0
84,1710801000000.0,0.0,0.0,120500.0,0.010246375489586254,0.0,0.0,0.009924,0.9994173223598279,1.0,1234.7650398151425,1000.0,1195.918793319999,1000.0,0.9999378073418645,0.0
85,1710804600000.0,0.0,0.0,5700.0,0.010753942502978679,0.0,0.0,0.010706,0.9994173223598279,1.0,1253.2082611269775,1000.0,1252.934988859999,1000.0,0.048912438712983945,0.0
86,1710808200000.0,0.0,0.0,5500.0,0.01131179867261763,0.0,0.0,0.011306,0.9994173223598279,1.0,1256.0045356993958,1000.0,1255.9726429999987,1000.0,0.04953397136002627,0.0
87,1710811800000.0,0.0,0.0,102800.0,0.009776696441240443,0.0,0.0,0.009216,0.9994173223598279,1.0,1258.2156666795163,1000.0,1200.5760725199987,1000.0,0.7987854711838644,0.0
88,1710815400000.0,0.0,0.0,102800.0,0.009776696441240443,0.0,0.0,0.009614,0.9994173223598279,1.0,1258.2156666795163,1000.0,1241.4904725199985,1000.0,0.7987854711838644,0.0
89,1710819000000.0,0.0,0.0,102800.0,0.009776696441240443,0.0,0.0,0.009287,0.9994173223598279,1.0,1258.2156666795163,1000.0,1207.8748725199987,1000.0,0.7987854711838644,0.0
90,1710822600000.0,0.0,0.0,15600.0,0.010266362393162394,0.0,0.0,0.010274,0.9994173223598279,1.0,1280.5161352933321,1000.0,1280.6352819599988,1000.0,0.12507085925679964,0.0
91,1710826200000.0,0.0,0.0,6600.0,0.009853,0.0,0.0,0.009534,0.9994173223598279,1.0,1307.6592521999985,1000.0,1305.5538521999986,1000.0,0.04972992764789011,0.0
92,1710829800000.0,0.0,0.0,6300.0,0.010295768795307256,0.0,0.0,0.009994,0.9994173223598279,1.0,1310.391993090434,1000.0,1308.4908496799983,1000.0,0.04949919089284248,0.0
93,1710833400000.0,0.0,0.0,0.0,0.010739621951219512,0.0,0.0,0.011745,0.9994173223598279,1.0,1324.516656919998,1000.0,1324.516656919998,1000.0,0.0,0.0
94,1710837000000.0,0.0,0.0,6000.0,0.011133500000000001,0.0,0.0,0.010974,0.9994173223598279,1.0,1327.3640754799978,1000.0,1326.4070754799977,1000.0,0.0503260569078183,0.0
95,1710840600000.0,0.0,0.0,4300.0,0.010924866534144824,0.0,0.0,0.010958,0.9994173223598279,1.0,1331.1815642968209,1000.0,1331.324038199998,1000.0,0.0352896459482127,0.0
96,1710844200000.0,0.0,0.0,6000.0,0.01111561747960864,0.0,0.0,0.010895,0.9994173223598279,1.0,1333.56988341765,1000.0,1332.2461785399983,1000.0,0.05001140600650815,0.0
97,1710847800000.0,0.0,0.0,6000.0,0.0111384,0.0,0.0,0.01119,0.9994173223598279,1.0,1337.0803221799983,1000.0,1337.3899221799984,1000.0,0.04998233755399121,0.0
98,1710851400000.0,0.0,0.0,0.0,0.0111384,0.0,0.0,0.011446,0.9994173223598279,1.0,1338.4554783399988,1000.0,1338.4554783399988,1000.0,0.0,0.0
99,1710855000000.0,0.0,0.0,16700.0,0.010831532934131739,0.0,0.0,0.010557,0.9994173223598279,1.0,1339.6171317399985,1000.0,1335.0324317399984,1000.0,0.1350285807147379,0.0
100,1710858600000.0,0.0,0.0,16700.0,0.010831532934131739,0.0,0.0,0.010761,0.9994173223598279,1.0,1339.6171317399985,1000.0,1338.4392317399984,1000.0,0.1350285807147379,0.0
101,1710862200000.0,0.0,0.0,4900.0,0.011069218507260111,0.0,0.0,0.011228,0.9994173223598279,1.0,1343.1298219455728,1000.0,1343.9078512599983,1000.0,0.04038267172640625,0.0
102,1710865800000.0,0.0,0.0,0.0,0.011069218507260111,0.0,0.0,0.011404,0.9994173223598279,1.0,1344.838159519998,1000.0,1344.838159519998,1000.0,0.0,0.0
103,1710869400000.0,0.0,0.0,0.0,0.011069218507260111,0.0,0.0,0.013333,0.9994173223598279,1.0,1344.838159519998,1000.0,1344.838159519998,1000.0,0.0,0.0
104,1710873000000.0,0.0,0.0,0.0,0.011069218507260111,0.0,0.0,0.012522,0.9994173223598279,1.0,1344.838159519998,1000.0,1344.838159519998,1000.0,0.0,0.0
105,1710876600000.0,0.0,0.0,0.0,0.011069218507260111,0.0,0.0,0.012563,0.9994173223598279,1.0,1344.838159519998,1000.0,1344.838159519998,1000.0,0.0,0.0
106,1710880200000.0,0.0,0.0,4700.0,0.011596,0.0,0.0,0.011679,0.9994173223598279,1.0,1344.949731519998,1000.0,1345.3398315199981,1000.0,0.04052285280462144,0.0
107,1710883800000.0,0.0,0.0,5800.0,0.01159796551724138,0.0,0.0,0.011551,0.9994173223598279,1.0,1345.332474859998,1000.0,1345.060074859998,1000.0,0.05000117164866645,0.0
108,1710887400000.0,0.0,0.0,16100.0,0.011217409982455689,0.0,0.0,0.010704,0.9994173223598279,1.0,1346.2622315175345,1000.0,1337.9963307999978,1000.0,0.13414942237067753,0.0
109,1710891000000.0,0.0,0.0,16100.0,0.011217409982455689,0.0,0.0,0.011008,0.9994173223598279,1.0,1346.2622315175345,1000.0,1342.890730799998,1000.0,0.13414942237067753,0.0
110,1710894600000.0,0.0,0.0,5900.0,0.011462995962868117,0.0,0.0,0.011364,0.9994173223598279,1.0,1349.6206613209192,1000.0,1349.0365851399974,1000.0,0.05011161885646333,0.0
111,1710898200000.0,0.0,0.0,5900.0,0.011470270765912338,0.0,0.0,0.011422,0.9994173223598279,1.0,1350.49635251888,1000.0,1350.2115549999971,1000.0,0.05011090729172236,0.0
112,1710901800000.0,0.0,0.0,0.0,0.011468727073182493,0.0,0.0,0.01205,0.9994173223598279,1.0,1352.6785111599975,1000.0,1352.6785111599975,1000.0,0.0,0.0
113,1710905400000.0,0.0,0.0,0.0,0.011468727073182493,0.0,0.0,0.012569,0.9994173223598279,1.0,1352.6785111599975,1000.0,1352.6785111599975,1000.0,0.0,0.0
114,1710909000000.0,0.0,0.0,0.0,0.011468727073182493,0.0,0.0,0.011941,0.9994173223598279,1.0,1352.6785111599975,1000.0,1352.6785111599975,1000.0,0.0,0.0
115,1710912600000.0,0.0,0.0,5800.0,0.011691,0.0,0.0,0.011483,0.9994173223598279,1.0,1352.6649495999975,1000.0,1351.4585495999975,1000.0,0.050129043426497995,0.0
116,1710916200000.0,0.0,0.0,0.0,0.011686172413793104,0.0,0.0,0.012338,0.9994173223598279,1.0,1354.3606026599973,1000.0,1354.3606026599973,1000.0,0.0,0.0
117,1710919800000.0,0.0,0.0,0.0,0.011686172413793104,0.0,0.0,0.012507,0.9994173223598279,1.0,1354.3606026599973,1000.0,1354.3606026599973,1000.0,0.0,0.0
118,1710923400000.0,0.0,0.0,0.0,0.011686172413793104,0.0,0.0,0.012087,0.9994173223598279,1.0,1354.3606026599973,1000.0,1354.3606026599973,1000.0,0.0,0.0
119,1710927000000.0,0.0,0.0,2800.0,0.011861999999999998,0.0,0.0,0.01214,0.9994173223598279,1.0,1355.0996345799965,1000.0,1355.8780345799964,1000.0,0.02451007966679462,0.0
120,1710930600000.0,0.0,0.0,3700.0,0.011878830101569711,0.0,0.0,0.011955,0.9994173223598279,1.0,1356.2244085558048,1000.0,1356.5062371799968,1000.0,0.03240737380815208,0.0
121,1710934200000.0,0.0,0.0,5700.0,0.011879240592247006,0.0,0.0,0.011927,0.9994173223598279,1.0,1356.2196565558047,1000.0,1356.4918851799969,1000.0,0.049926773327976605,0.0
122,1710937800000.0,0.0,0.0,5700.0,0.011874243893212968,0.0,0.0,0.011584,0.9994173223598279,1.0,1356.4476301713107,1000.0,1354.7932399799968,1000.0,0.04989738541012893,0.0
123,1710941400000.0,0.0,0.0,43900.0,0.011009387020303279,0.0,0.0,0.010788,0.9994173223598279,1.0,1356.3645043913107,1000.0,1346.6456141999968,1000.0,0.3563290609762806,0.0
124,1710945000000.0,0.0,0.0,43900.0,0.011009387020303279,0.0,0.0,0.010919,0.9994173223598279,1.0,1356.3645043913107,1000.0,1352.3965141999968,1000.0,0.3563290609762806,0.0
125,1710948600000.0,0.0,0.0,8200.0,0.011009387020303279,0.0,0.0,0.010953,0.9994173223598279,1.0,1361.0261325064837,1000.0,1360.563758939997,1000.0,0.06633008096636,0.0
126,1710952200000.0,0.0,0.0,6600.0,0.011009387020303279,0.0,0.0,0.010897,0.9994173223598279,1.0,1361.1979551939985,1000.0,1360.456200859997,1000.0,0.05338088707578599,0.0
127,1710955800000.0,0.0,0.0,6200.0,0.011085342142116605,0.0,0.0,0.011109,0.9994173223598279,1.0,1362.29640982112,1000.0,1362.443088539997,1000.0,0.05045093034499563,0.0
128,1710959400000.0,0.0,0.0,6000.0,0.011317897116442037,0.0,0.0,0.011167,0.9994173223598279,1.0,1363.3227458386493,1000.0,1362.4173631399972,1000.0,0.04981020298086418,0.0
129,1710963000000.0,0.0,0.0,0.0,0.011349083125687325,0.0,0.0,0.01167,0.9994173223598279,1.0,1364.8332929799976,1000.0,1364.8332929799976,1000.0,0.0,0.0
130,1710966600000.0,0.0,0.0,0.0,0.011349083125687325,0.0,0.0,0.011953,0.9994173223598279,1.0,1364.8332929799976,1000.0,1364.8332929799976,1000.0,0.0,0.0
131,1710970200000.0,0.0,0.0,0.0,0.011349083125687325,0.0,0.0,0.01214,0.9994173223598279,1.0,1364.8332929799976,1000.0,1364.8332929799976,1000.0,0.0,0.0
132,1710973800000.0,0.0,0.0,0.0,0.011349083125687325,0.0,0.0,0.012686,0.9994173223598279,1.0,1364.8332929799976,1000.0,1364.8332929799976,1000.0,0.0,0.0
133,1710977400000.0,0.0,0.0,0.0,0.011349083125687325,0.0,0.0,0.012199,0.9994173223598279,1.0,1364.8332929799976,1000.0,1364.8332929799976,1000.0,0.0,0.0
134,1710981000000.0,0.0,0.0,0.0,0.011349083125687325,0.0,0.0,0.012095,0.9994173223598279,1.0,1364.8332929799976,1000.0,1364.8332929799976,1000.0,0.0,0.0
135,1710984600000.0,0.0,0.0,5900.0,0.011720898305084746,0.0,0.0,0.011674,0.9994173223598279,1.0,1364.9429661399977,1000.0,1364.6662661399978,1000.0,0.05066387513286557,0.0
136,1710988200000.0,0.0,0.0,5900.0,0.011720898305084746,0.0,0.0,0.011668,0.9994173223598279,1.0,1364.9429661399977,1000.0,1364.6308661399976,1000.0,0.05066387513286557,0.0
137,1710991800000.0,0.0,0.0,5900.0,0.011720898305084746,0.0,0.0,0.011612,0.9994173223598279,1.0,1364.9429661399977,1000.0,1364.3004661399978,1000.0,0.05066387513286557,0.0
138,1710995400000.0,0.0,0.0,5900.0,0.011720898305084746,0.0,0.0,0.011371,0.9994173223598279,1.0,1364.9429661399977,1000.0,1362.8785661399977,1000.0,0.05066387513286557,0.0
139,1710999000000.0,0.0,0.0,16400.0,0.011336817073170732,0.0,0.0,0.011166,0.9994173223598279,1.0,1364.9196120399977,1000.0,1362.1182120399976,1000.0,0.13621593415462746,0.0
140,1711002600000.0,0.0,0.0,16400.0,0.011336817073170732,0.0,0.0,0.011178,0.9994173223598279,1.0,1364.9196120399977,1000.0,1362.3150120399978,1000.0,0.13621593415462746,0.0
141,1711006200000.0,0.0,0.0,500.0,0.011336817073170732,0.0,0.0,0.011668,0.9994173223598279,1.0,1368.1339192965834,1000.0,1368.299510759998,1000.0,0.004143167899455149,0.0
142,1711009800000.0,0.0,0.0,0.0,0.011336817073170732,0.0,0.0,0.011902,0.9994173223598279,1.0,1368.3073421599977,1000.0,1368.3073421599977,1000.0,0.0,0.0
143,1711013400000.0,0.0,0.0,5900.0,0.01161,0.0,0.0,0.011594,0.9994173223598279,1.0,1368.2936423599976,1000.0,1368.1992423599977,1000.0,0.05006162265130071,0.0
144,1711017000000.0,0.0,0.0,5900.0,0.01161,0.0,0.0,0.011267,0.9994173223598279,1.0,1368.2936423599976,1000.0,1366.2699423599977,1000.0,0.05006162265130071,0.0
145,1711020600000.0,0.0,0.0,5900.0,0.01161,0.0,0.0,0.011371,0.9994173223598279,1.0,1368.2936423599976,1000.0,1366.8835423599976,1000.0,0.05006162265130071,0.0
146,1711024200000.0,0.0,0.0,0.0,0.01161,0.0,0.0,0.012043,0.9994173223598279,1.0,1369.605377419998,1000.0,1369.605377419998,1000.0,0.0,0.0
147,1711027800000.0,0.0,0.0,0.0,0.01161,0.0,0.0,0.012631,0.9994173223598279,1.0,1369.605377419998,1000.0,1369.605377419998,1000.0,0.0,0.0
148,1711031400000.0,0.0,0.0,0.0,0.01161,0.0,0.0,0.013926,0.9994173223598279,1.0,1369.605377419998,1000.0,1369.605377419998,1000.0,0.0,0.0
149,1711035000000.0,0.0,0.0,0.0,0.01161,0.0,0.0,0.013841,0.9994173223598279,1.0,1369.605377419998,1000.0,1369.605377419998,1000.0,0.0,0.0
150,1711038600000.0,0.0,0.0,0.0,0.01161,0.0,0.0,0.014142,0.9994173223598279,1.0,1369.605377419998,1000.0,1369.605377419998,1000.0,0.0,0.0
151,1711042200000.0,0.0,0.0,0.0,0.01161,0.0,0.0,0.013639,0.9994173223598279,1.0,1369.605377419998,1000.0,1369.605377419998,1000.0,0.0,0.0
152,1711045800000.0,0.0,0.0,0.0,0.01161,0.0,0.0,0.013386,0.9994173223598279,1.0,1369.605377419998,1000.0,1369.605377419998,1000.0,0.0,0.0
153,1711049400000.0,0.0,0.0,0.0,0.01161,0.0,0.0,0.013095,0.9994173223598279,1.0,1369.605377419998,1000.0,1369.605377419998,1000.0,0.0,0.0
154,1711053000000.0,0.0,0.0,0.0,0.01161,0.0,0.0,0.013591,0.9994173223598279,1.0,1369.605377419998,1000.0,1369.605377419998,1000.0,0.0,0.0
155,1711056600000.0,0.0,0.0,0.0,0.01161,0.0,0.0,0.013543,0.9994173223598279,1.0,1369.605377419998,1000.0,1369.605377419998,1000.0,0.0,0.0
156,1711060200000.0,0.0,0.0,0.0,0.01161,0.0,0.0,0.013734,0.9994173223598279,1.0,1369.605377419998,1000.0,1369.605377419998,1000.0,0.0,0.0
157,1711063800000.0,0.0,0.0,0.0,0.01161,0.0,0.0,0.013554,0.9994173223598279,1.0,1369.605377419998,1000.0,1369.605377419998,1000.0,0.0,0.0
158,1711067400000.0,0.0,0.0,0.0,0.01161,0.0,0.0,0.013352,0.9994173223598279,1.0,1369.605377419998,1000.0,1369.605377419998,1000.0,0.0,0.0
159,1711071000000.0,0.0,0.0,500.0,0.013073384615384615,0.0,0.0,0.013423,0.9994173223598279,1.0,1371.3655755076902,1000.0,1371.540383199998,1000.0,0.004766557090564544,0.0
160,1711074600000.0,0.0,0.0,0.0,0.013073384615384615,0.0,0.0,0.013707,0.9994173223598279,1.0,1371.5932300599982,1000.0,1371.5932300599982,1000.0,0.0,0.0
161,1711078200000.0,0.0,0.0,0.0,0.013073384615384615,0.0,0.0,0.014568,0.9994173223598279,1.0,1371.5932300599982,1000.0,1371.5932300599982,1000.0,0.0,0.0
162,1711081800000.0,0.0,0.0,0.0,0.013073384615384615,0.0,0.0,0.015951,0.9994173223598279,1.0,1371.5932300599982,1000.0,1371.5932300599982,1000.0,0.0,0.0
163,1711085400000.0,0.0,0.0,0.0,0.013073384615384615,0.0,0.0,0.016019,0.9994173223598279,1.0,1371.5932300599982,1000.0,1371.5932300599982,1000.0,0.0,0.0
164,1711089000000.0,0.0,0.0,0.0,0.013073384615384615,0.0,0.0,0.015376,0.9994173223598279,1.0,1371.5932300599982,1000.0,1371.5932300599982,1000.0,0.0,0.0
165,1711092600000.0,0.0,0.0,0.0,0.013073384615384615,0.0,0.0,0.015845,0.9994173223598279,1.0,1371.5932300599982,1000.0,1371.5932300599982,1000.0,0.0,0.0
166,1711096200000.0,0.0,0.0,0.0,0.013073384615384615,0.0,0.0,0.016043,0.9994173223598279,1.0,1371.5932300599982,1000.0,1371.5932300599982,1000.0,0.0,0.0
167,1711099800000.0,0.0,0.0,0.0,0.013073384615384615,0.0,0.0,0.015759,0.9994173223598279,1.0,1371.5932300599982,1000.0,1371.5932300599982,1000.0,0.0,0.0
168,1711103400000.0,0.0,0.0,0.0,0.013073384615384615,0.0,0.0,0.016103,0.9994173223598279,1.0,1371.5932300599982,1000.0,1371.5932300599982,1000.0,0.0,0.0
169,1711107000000.0,0.0,0.0,0.0,0.013073384615384615,0.0,0.0,0.015223,0.9994173223598279,1.0,1371.5932300599982,1000.0,1371.5932300599982,1000.0,0.0,0.0
170,1711110600000.0,0.0,0.0,400.0,0.014736,0.0,0.0,0.01509,0.9994173223598279,1.0,1372.5674050799985,1000.0,1372.7090050799984,1000.0,0.004294433904072239,0.0
171,1711114200000.0,0.0,0.0,12800.0,0.0142793359375,0.0,0.0,0.014202,0.9994173223598279,1.0,1372.5768303399987,1000.0,1371.5869303399986,1000.0,0.1331623089941894,0.0
172,1711117800000.0,0.0,0.0,6700.0,0.0142793359375,0.0,0.0,0.014391,0.9994173223598279,1.0,1373.4294862812485,1000.0,1374.1776354999986,1000.0,0.06965887345282942,0.0
173,1711121400000.0,0.0,0.0,3900.0,0.01429922768470696,0.0,0.0,0.014407,0.9994173223598279,1.0,1379.2738181103553,1000.0,1379.6941301399982,1000.0,0.040432136997104406,0.0
174,1711125000000.0,0.0,0.0,4700.0,0.014523644392209102,0.0,0.0,0.01433,0.9994173223598279,1.0,1380.2884943833803,1000.0,1379.3783657399977,1000.0,0.04945424737013202,0.0
175,1711128600000.0,0.0,0.0,4700.0,0.014523644392209102,0.0,0.0,0.014361,0.9994173223598279,1.0,1380.2884943833803,1000.0,1379.5240657399975,1000.0,0.04945424737013202,0.0
176,1711132200000.0,0.0,0.0,4700.0,0.014552205475433032,0.0,0.0,0.014603,0.9994173223598279,1.0,1381.2021167745327,1000.0,1381.4408510399974,1000.0,0.04951872351184653,0.0
177,1711135800000.0,0.0,0.0,4700.0,0.01456313494488014,0.0,0.0,0.014579,0.9994173223598279,1.0,1382.378020400934,1000.0,1382.4525861599973,1000.0,0.04951376051326749,0.0
178,1711139400000.0,0.0,0.0,4700.0,0.014568101154966848,0.0,0.0,0.014372,0.9994173223598279,1.0,1382.8506525483415,1000.0,1381.9289771199974,1000.0,0.04951371668528798,0.0
179,1711143000000.0,0.0,0.0,4700.0,0.014568101154966848,0.0,0.0,0.01428,0.9994173223598279,1.0,1382.8506525483415,1000.0,1381.4965771199973,1000.0,0.04951371668528798,0.0
180,1711146600000.0,0.0,0.0,4700.0,0.014568101154966848,0.0,0.0,0.014129,0.9994173223598279,1.0,1382.8506525483415,1000.0,1380.7868771199974,1000.0,0.04951371668528798,0.0
181,1711150200000.0,0.0,0.0,4700.0,0.014568101154966848,0.0,0.0,0.014404,0.9994173223598279,1.0,1382.8506525483415,1000.0,1382.0793771199974,1000.0,0.04951371668528798,0.0
182,1711153800000.0,0.0,0.0,4800.0,0.014546205081015421,0.0,0.0,0.014253,0.9994173223598279,1.0,1382.9755205688714,1000.0,1381.5681361799973,1000.0,0.050486637941468133,0.0
183,1711157400000.0,0.0,0.0,0.0,0.014546205081015421,0.0,0.0,0.015326,0.9994173223598279,1.0,1384.6886263399977,1000.0,1384.6886263399977,1000.0,0.0,0.0
184,1711161000000.0,0.0,0.0,0.0,0.014546205081015421,0.0,0.0,0.0149,0.9994173223598279,1.0,1384.6886263399977,1000.0,1384.6886263399977,1000.0,0.0,0.0
185,1711164600000.0,0.0,0.0,0.0,0.014546205081015421,0.0,0.0,0.014662,0.9994173223598279,1.0,1384.6886263399977,1000.0,1384.6886263399977,1000.0,0.0,0.0
186,1711168200000.0,0.0,0.0,200.0,0.01456,0.0,0.0,0.014981,0.9994173223598279,1.0,1385.525680619998,1000.0,1385.609880619998,1000.0,0.002101729358561533,0.0
187,1711171800000.0,0.0,0.0,0.0,0.01456,0.0,0.0,0.014942,0.9994173223598279,1.0,1385.614880259998,1000.0,1385.614880259998,1000.0,0.0,0.0
188,1711175400000.0,0.0,0.0,0.0,0.01456,0.0,0.0,0.015122,0.9994173223598279,1.0,1385.614880259998,1000.0,1385.614880259998,1000.0,0.0,0.0
189,1711179000000.0,0.0,0.0,0.0,0.01456,0.0,0.0,0.015104,0.9994173223598279,1.0,1385.614880259998,1000.0,1385.614880259998,1000.0,0.0,0.0
190,1711182600000.0,0.0,0.0,0.0,0.01456,0.0,0.0,0.015043,0.9994173223598279,1.0,1385.614880259998,1000.0,1385.614880259998,1000.0,0.0,0.0
191,1711186200000.0,0.0,0.0,4800.0,0.014721916666666666,0.0,0.0,0.01449,0.9994173223598279,1.0,1385.7277057199979,1000.0,1384.6145057199979,1000.0,0.05099501129140209,0.0
192,1711189800000.0,0.0,0.0,4800.0,0.014721916666666666,0.0,0.0,0.014497,0.9994173223598279,1.0,1385.7277057199979,1000.0,1384.6481057199978,1000.0,0.05099501129140209,0.0
193,1711193400000.0,0.0,0.0,4800.0,0.014721916666666666,0.0,0.0,0.014303,0.9994173223598279,1.0,1385.7277057199979,1000.0,1383.7169057199978,1000.0,0.05099501129140209,0.0
194,1711197000000.0,0.0,0.0,4800.0,0.014721916666666666,0.0,0.0,0.01444,0.9994173223598279,1.0,1385.7277057199979,1000.0,1384.3745057199978,1000.0,0.05099501129140209,0.0
195,1711200600000.0,0.0,0.0,4800.0,0.014721916666666666,0.0,0.0,0.01443,0.9994173223598279,1.0,1385.7277057199979,1000.0,1384.3265057199978,1000.0,0.05099501129140209,0.0
196,1711204200000.0,0.0,0.0,4800.0,0.014721916666666666,0.0,0.0,0.014637,0.9994173223598279,1.0,1385.7277057199979,1000.0,1385.3201057199979,1000.0,0.05099501129140209,0.0
197,1711207800000.0,0.0,0.0,4800.0,0.014721916666666666,0.0,0.0,0.014434,0.9994173223598279,1.0,1385.7277057199979,1000.0,1384.3457057199978,1000.0,0.05099501129140209,0.0
198,1711211400000.0,0.0,0.0,4800.0,0.014721916666666666,0.0,0.0,0.01433,0.9994173223598279,1.0,1385.7277057199979,1000.0,1383.8465057199978,1000.0,0.05099501129140209,0.0
199,1711215000000.0,0.0,0.0,4800.0,0.014721916666666666,0.0,0.0,0.014496,0.9994173223598279,1.0,1385.7277057199979,1000.0,1384.643305719998,1000.0,0.05099501129140209,0.0
200,1711218600000.0,0.0,0.0,4800.0,0.014721916666666666,0.0,0.0,0.014485,0.9994173223598279,1.0,1385.7277057199979,1000.0,1384.590505719998,1000.0,0.05099501129140209,0.0
201,1711222200000.0,0.0,0.0,4800.0,0.014721916666666666,0.0,0.0,0.014423,0.9994173223598279,1.0,1385.7277057199979,1000.0,1384.2929057199979,1000.0,0.05099501129140209,0.0
202,1711225800000.0,0.0,0.0,4800.0,0.014721916666666666,0.0,0.0,0.014314,0.9994173223598279,1.0,1385.7277057199979,1000.0,1383.7697057199978,1000.0,0.05099501129140209,0.0
203,1711229400000.0,0.0,0.0,13300.0,0.01424009022556391,0.0,0.0,0.01402,0.9994173223598279,1.0,1385.7039601199979,1000.0,1382.7767601199978,1000.0,0.13667652359425972,0.0
204,1711233000000.0,0.0,0.0,13300.0,0.01424009022556391,0.0,0.0,0.014221,0.9994173223598279,1.0,1385.7039601199979,1000.0,1385.450060119998,1000.0,0.13667652359425972,0.0
205,1711236600000.0,0.0,0.0,10700.0,0.01424009022556391,0.0,0.0,0.014137,0.9994173223598279,1.0,1386.0654468935318,1000.0,1384.962381479998,1000.0,0.1099291276288758,0.0
206,1711240200000.0,0.0,0.0,10700.0,0.01424009022556391,0.0,0.0,0.013845,0.9994173223598279,1.0,1386.0654468935318,1000.0,1381.837981479998,1000.0,0.1099291276288758,0.0
207,1711243800000.0,0.0,0.0,29700.0,0.013684746310219993,0.0,0.0,0.013532,0.9994173223598279,1.0,1386.0146332935317,1000.0,1381.478067879998,1000.0,0.2932414677669988,0.0
208,1711247400000.0,0.0,0.0,29700.0,0.013684746310219993,0.0,0.0,0.013432,0.9994173223598279,1.0,1386.0146332935317,1000.0,1378.508067879998,1000.0,0.2932414677669988,0.0
209,1711251000000.0,0.0,0.0,29700.0,0.013684746310219993,0.0,0.0,0.013067,0.9994173223598279,1.0,1386.0146332935317,1000.0,1367.667567879998,1000.0,0.2932414677669988,0.0
210,1711254600000.0,0.0,0.0,29700.0,0.013684746310219993,0.0,0.0,0.012884,0.9994173223598279,1.0,1386.0146332935317,1000.0,1362.2324678799978,1000.0,0.2932414677669988,0.0
211,1711258200000.0,0.0,0.0,29700.0,0.013684746310219993,0.0,0.0,0.01308,0.9994173223598279,1.0,1386.0146332935317,1000.0,1368.0536678799979,1000.0,0.2932414677669988,0.0
212,1711261800000.0,0.0,0.0,29700.0,0.013684746310219993,0.0,0.0,0.012887,0.9994173223598279,1.0,1386.0146332935317,1000.0,1362.321567879998,1000.0,0.2932414677669988,0.0
213,1711265400000.0,0.0,0.0,29700.0,0.013684746310219993,0.0,0.0,0.01298,0.9994173223598279,1.0,1386.0146332935317,1000.0,1365.0836678799978,1000.0,0.2932414677669988,0.0
214,1711269000000.0,0.0,0.0,29700.0,0.013684746310219993,0.0,0.0,0.01304,0.9994173223598279,1.0,1386.0146332935317,1000.0,1366.8656678799978,1000.0,0.2932414677669988,0.0
215,1711272600000.0,0.0,0.0,29700.0,0.013684746310219993,0.0,0.0,0.013203,0.9994173223598279,1.0,1386.0146332935317,1000.0,1371.7067678799979,1000.0,0.2932414677669988,0.0
216,1711276200000.0,0.0,0.0,29700.0,0.013684746310219993,0.0,0.0,0.013493,0.9994173223598279,1.0,1386.0146332935317,1000.0,1380.319767879998,1000.0,0.2932414677669988,0.0
217,1711279800000.0,0.0,0.0,29700.0,0.013684746310219993,0.0,0.0,0.013397,0.9994173223598279,1.0,1386.0146332935317,1000.0,1377.4685678799979,1000.0,0.2932414677669988,0.0
218,1711283400000.0,0.0,0.0,29700.0,0.013684746310219993,0.0,0.0,0.01348,0.9994173223598279,1.0,1386.0146332935317,1000.0,1379.933667879998,1000.0,0.2932414677669988,0.0
219,1711287000000.0,0.0,0.0,29700.0,0.013684746310219993,0.0,0.0,0.013269,0.9994173223598279,1.0,1386.0146332935317,1000.0,1373.6669678799979,1000.0,0.2932414677669988,0.0
220,1711290600000.0,0.0,0.0,29700.0,0.013684746310219993,0.0,0.0,0.013317,0.9994173223598279,1.0,1386.0146332935317,1000.0,1375.092567879998,1000.0,0.2932414677669988,0.0
221,1711294200000.0,0.0,0.0,29700.0,0.013684746310219993,0.0,0.0,0.013452,0.9994173223598279,1.0,1386.0146332935317,1000.0,1379.102067879998,1000.0,0.2932414677669988,0.0
222,1711297800000.0,0.0,0.0,29700.0,0.013684746310219993,0.0,0.0,0.013443,0.9994173223598279,1.0,1386.0146332935317,1000.0,1378.8347678799978,1000.0,0.2932414677669988,0.0
223,1711301400000.0,0.0,0.0,29700.0,0.013684746310219993,0.0,0.0,0.013309,0.9994173223598279,1.0,1386.0146332935317,1000.0,1374.854967879998,1000.0,0.2932414677669988,0.0
224,1711305000000.0,0.0,0.0,29700.0,0.013684746310219993,0.0,0.0,0.013424,0.9994173223598279,1.0,1386.0146332935317,1000.0,1378.2704678799978,1000.0,0.2932414677669988,0.0
225,1711308600000.0,0.0,0.0,29700.0,0.013684746310219993,0.0,0.0,0.01361,0.9994173223598279,1.0,1386.0146332935317,1000.0,1383.7946678799979,1000.0,0.2932414677669988,0.0
226,1711312200000.0,0.0,0.0,12300.0,0.013684746310219993,0.0,0.0,0.01378,0.9994173223598279,1.0,1388.337350415704,1000.0,1389.508970799998,1000.0,0.12124025876369737,0.0
227,1711315800000.0,0.0,0.0,2000.0,0.013684746310219993,0.0,0.0,0.014016,0.9994173223598279,1.0,1389.941046400438,1000.0,1390.603553779998,1000.0,0.01969111761345518,0.0
228,1711319400000.0,0.0,0.0,0.0,0.013684746310219993,0.0,0.0,0.014053,0.9994173223598279,1.0,1390.6794310799978,1000.0,1390.6794310799978,1000.0,0.0,0.0
229,1711323000000.0,0.0,0.0,0.0,0.013684746310219993,0.0,0.0,0.014104,0.9994173223598279,1.0,1390.6794310799978,1000.0,1390.6794310799978,1000.0,0.0,0.0
230,1711326600000.0,0.0,0.0,0.0,0.013684746310219993,0.0,0.0,0.013956,0.9994173223598279,1.0,1390.6794310799978,1000.0,1390.6794310799978,1000.0,0.0,0.0
231,1711330200000.0,0.0,0.0,0.0,0.013684746310219993,0.0,0.0,0.013942,0.9994173223598279,1.0,1390.6794310799978,1000.0,1390.6794310799978,1000.0,0.0,0.0
232,1711333800000.0,0.0,0.0,0.0,0.013684746310219993,0.0,0.0,0.014204,0.9994173223598279,1.0,1390.6794310799978,1000.0,1390.6794310799978,1000.0,0.0,0.0
233,1711337400000.0,0.0,0.0,0.0,0.013684746310219993,0.0,0.0,0.013921,0.9994173223598279,1.0,1390.6794310799978,1000.0,1390.6794310799978,1000.0,0.0,0.0
234,1711341000000.0,0.0,0.0,0.0,0.013684746310219993,0.0,0.0,0.013933,0.9994173223598279,1.0,1390.6794310799978,1000.0,1390.6794310799978,1000.0,0.0,0.0
235,1711344600000.0,0.0,0.0,0.0,0.013684746310219993,0.0,0.0,0.014033,0.9994173223598279,1.0,1390.6794310799978,1000.0,1390.6794310799978,1000.0,0.0,0.0
236,1711348200000.0,0.0,0.0,0.0,0.013684746310219993,0.0,0.0,0.014023,0.9994173223598279,1.0,1390.6794310799978,1000.0,1390.6794310799978,1000.0,0.0,0.0
237,1711351800000.0,0.0,0.0,5000.0,0.013849,0.0,0.0,0.013746,0.9994173223598279,1.0,1390.6655820799979,1000.0,1390.1505820799978,1000.0,0.04979270422183835,0.0
238,1711355400000.0,0.0,0.0,5000.0,0.013849,0.0,0.0,0.013461,0.9994173223598279,1.0,1390.6655820799979,1000.0,1388.7255820799978,1000.0,0.04979270422183835,0.0
239,1711359000000.0,0.0,0.0,5000.0,0.013849,0.0,0.0,0.01364,0.9994173223598279,1.0,1390.6655820799979,1000.0,1389.6205820799978,1000.0,0.04979270422183835,0.0
240,1711362600000.0,0.0,0.0,5000.0,0.013849,0.0,0.0,0.013774,0.9994173223598279,1.0,1390.6655820799979,1000.0,1390.2905820799979,1000.0,0.04979270422183835,0.0
241,1711366200000.0,0.0,0.0,5000.0,0.013849,0.0,0.0,0.01354,0.9994173223598279,1.0,1390.6655820799979,1000.0,1389.1205820799978,1000.0,0.04979270422183835,0.0
242,1711369800000.0,0.0,0.0,5000.0,0.013849,0.0,0.0,0.013571,0.9994173223598279,1.0,1390.6655820799979,1000.0,1389.2755820799978,1000.0,0.04979270422183835,0.0
243,1711373400000.0,0.0,0.0,13900.0,0.013396316546762588,0.0,0.0,0.013147,0.9994173223598279,1.0,1390.642189319998,1000.0,1387.1766893199979,1000.0,0.1339013021682113,0.0
244,1711377000000.0,0.0,0.0,5100.0,0.013602342784595853,0.0,0.0,0.013627,0.9994173223598279,1.0,1393.6202109814371,1000.0,1393.7459627799983,1000.0,0.049778230578749035,0.0
245,1711380600000.0,0.0,0.0,0.0,0.013629475591844863,0.0,0.0,0.013942,0.9994173223598279,1.0,1395.708051739998,1000.0,1395.708051739998,1000.0,0.0,0.0
246,1711384200000.0,0.0,0.0,0.0,0.013629475591844863,0.0,0.0,0.013979,0.9994173223598279,1.0,1395.708051739998,1000.0,1395.708051739998,1000.0,0.0,0.0
247,1711387800000.0,0.0,0.0,0.0,0.013629475591844863,0.0,0.0,0.014983,0.9994173223598279,1.0,1395.708051739998,1000.0,1395.708051739998,1000.0,0.0,0.0
248,1711391400000.0,0.0,0.0,0.0,0.013629475591844863,0.0,0.0,0.01435,0.9994173223598279,1.0,1395.708051739998,1000.0,1395.708051739998,1000.0,0.0,0.0
249,1711395000000.0,0.0,0.0,0.0,0.013629475591844863,0.0,0.0,0.014296,0.9994173223598279,1.0,1395.708051739998,1000.0,1395.708051739998,1000.0,0.0,0.0
250,1711398600000.0,0.0,0.0,0.0,0.013629475591844863,0.0,0.0,0.014399,0.9994173223598279,1.0,1395.708051739998,1000.0,1395.708051739998,1000.0,0.0,0.0
251,1711402200000.0,0.0,0.0,5000.0,0.014018,0.0,0.0,0.014139,0.9994173223598279,1.0,1395.6940337399978,1000.0,1396.2990337399979,1000.0,0.05021874300929839,0.0
252,1711405800000.0,0.0,0.0,700.0,0.014018,0.0,0.0,0.014173,0.9994173223598279,1.0,1396.283857859998,1000.0,1396.3923578599981,1000.0,0.007027654115431222,0.0
253,1711409400000.0,0.0,0.0,0.0,0.014018,0.0,0.0,0.014166,0.9994173223598279,1.0,1396.4528611399983,1000.0,1396.4528611399983,1000.0,0.0,0.0
254,1711413000000.0,0.0,0.0,3200.0,0.014053,0.0,0.0,0.014235,0.9994173223598279,1.0,1396.6856986599985,1000.0,1397.2680986599985,1000.0,0.032197365551279375,0.0
255,1711416600000.0,0.0,0.0,0.0,0.014053,0.0,0.0,0.01472,0.9994173223598279,1.0,1397.7558888599983,1000.0,1397.7558888599983,1000.0,0.0,0.0
256,1711420200000.0,0.0,0.0,0.0,0.014053,0.0,0.0,0.014601,0.9994173223598279,1.0,1397.7558888599983,1000.0,1397.7558888599983,1000.0,0.0,0.0
257,1711423800000.0,0.0,0.0,0.0,0.014053,0.0,0.0,0.014511,0.9994173223598279,1.0,1397.7558888599983,1000.0,1397.7558888599983,1000.0,0.0,0.0
258,1711427400000.0,0.0,0.0,0.0,0.014053,0.0,0.0,0.014489,0.9994173223598279,1.0,1397.7558888599983,1000.0,1397.7558888599983,1000.0,0.0,0.0
259,1711431000000.0,0.0,0.0,4900.0,0.014265,0.0,0.0,0.014348,0.9994173223598279,1.0,1397.7419091599984,1000.0,1398.1486091599984,1000.0,0.050008159261681534,0.0
260,1711434600000.0,0.0,0.0,1200.0,0.014265,0.0,0.0,0.014523,0.9994173223598279,1.0,1398.2566479799982,1000.0,1398.5662479799983,1000.0,0.0122423877081004,0.0
261,1711438200000.0,0.0,0.0,100.0,0.014265,0.0,0.0,0.014686,0.9994173223598279,1.0,1398.6480307599982,1000.0,1398.690130759998,1000.0,0.001019913494051014,0.0
262,1711441800000.0,0.0,0.0,4000.0,0.014324,0.0,0.0,0.014328,0.9994173223598279,1.0,1398.803795079998,1000.0,1398.8197950799981,1000.0,0.040960712432670535,0.0
263,1711445400000.0,0.0,0.0,3200.0,0.014327265306122449,0.0,0.0,0.014411,0.9994173223598279,1.0,1399.3545988795895,1000.0,1399.6225498999977,1000.0,0.03276313881863825,0.0
264,1711449000000.0,0.0,0.0,4900.0,0.014328907955018741,0.0,0.0,0.014166,0.9994173223598279,1.0,1399.3497259995895,1000.0,1398.5514770199977,1000.0,0.05017448295810251,0.0
265,1711452600000.0,0.0,0.0,4900.0,0.014328907955018741,0.0,0.0,0.01423,0.9994173223598279,1.0,1399.3497259995895,1000.0,1398.8650770199977,1000.0,0.05017448295810251,0.0
266,1711456200000.0,0.0,0.0,4900.0,0.014328907955018741,0.0,0.0,0.014263,0.9994173223598279,1.0,1399.3497259995895,1000.0,1399.0267770199978,1000.0,0.05017448295810251,0.0
267,1711459800000.0,0.0,0.0,4900.0,0.014328907955018741,0.0,0.0,0.014289,0.9994173223598279,1.0,1399.3497259995895,1000.0,1399.1541770199976,1000.0,0.05017448295810251,0.0
268,1711463400000.0,0.0,0.0,13600.0,0.01386070213085234,0.0,0.0,0.013751,0.9994173223598279,1.0,1399.3260672195895,1000.0,1397.8341182399977,1000.0,0.13471166827767708,0.0
269,1711467000000.0,0.0,0.0,13600.0,0.01386070213085234,0.0,0.0,0.013677,0.9994173223598279,1.0,1399.3260672195895,1000.0,1396.8277182399977,1000.0,0.13471166827767708,0.0
270,1711470600000.0,0.0,0.0,13600.0,0.01386070213085234,0.0,0.0,0.013481,0.9994173223598279,1.0,1399.3260672195895,1000.0,1394.1621182399977,1000.0,0.13471166827767708,0.0
271,1711474200000.0,0.0,0.0,13600.0,0.01386070213085234,0.0,0.0,0.013501,0.9994173223598279,1.0,1399.3260672195895,1000.0,1394.4341182399976,1000.0,0.13471166827767708,0.0
272,1711477800000.0,0.0,0.0,13600.0,0.01386070213085234,0.0,0.0,0.013661,0.9994173223598279,1.0,1399.3260672195895,1000.0,1396.6101182399977,1000.0,0.13471166827767708,0.0
273,1711481400000.0,0.0,0.0,13600.0,0.01386070213085234,0.0,0.0,0.013627,0.9994173223598279,1.0,1399.3260672195895,1000.0,1396.1477182399976,1000.0,0.13471166827767708,0.0
274,1711485000000.0,0.0,0.0,13600.0,0.01386070213085234,0.0,0.0,0.013609,0.9994173223598279,1.0,1399.3260672195895,1000.0,1395.9029182399977,1000.0,0.13471166827767708,0.0
275,1711488600000.0,0.0,0.0,13600.0,0.01386070213085234,0.0,0.0,0.013765,0.9994173223598279,1.0,1399.3260672195895,1000.0,1398.0245182399976,1000.0,0.13471166827767708,0.0
276,1711492200000.0,0.0,0.0,13600.0,0.01386070213085234,0.0,0.0,0.013554,0.9994173223598279,1.0,1399.3260672195895,1000.0,1395.1549182399976,1000.0,0.13471166827767708,0.0
277,1711495800000.0,0.0,0.0,13600.0,0.01386070213085234,0.0,0.0,0.013611,0.9994173223598279,1.0,1399.3260672195895,1000.0,1395.9301182399977,1000.0,0.13471166827767708,0.0
278,1711499400000.0,0.0,0.0,13600.0,0.01386070213085234,0.0,0.0,0.013627,0.9994173223598279,1.0,1399.3260672195895,1000.0,1396.1477182399976,1000.0,0.13471166827767708,0.0
279,1711503000000.0,0.0,0.0,10900.0,0.01386070213085234,0.0,0.0,0.013821,0.9994173223598279,1.0,1399.6919120062882,1000.0,1399.2591587799977,1000.0,0.10793922000287429,0.0
280,1711506600000.0,0.0,0.0,10900.0,0.01386070213085234,0.0,0.0,0.013478,0.9994173223598279,1.0,1399.6919120062882,1000.0,1395.5204587799979,1000.0,0.10793922000287429,0.0
281,1711510200000.0,0.0,0.0,10900.0,0.01386070213085234,0.0,0.0,0.013637,0.9994173223598279,1.0,1399.6919120062882,1000.0,1397.2535587799978,1000.0,0.10793922000287429,0.0
282,1711513800000.0,0.0,0.0,10900.0,0.01386070213085234,0.0,0.0,0.01352,0.9994173223598279,1.0,1399.6919120062882,1000.0,1395.9782587799978,1000.0,0.10793922000287429,0.0
283,1711517400000.0,0.0,0.0,10900.0,0.01386070213085234,0.0,0.0,0.013308,0.9994173223598279,1.0,1399.6919120062882,1000.0,1393.6674587799978,1000.0,0.10793922000287429,0.0
284,1711521000000.0,0.0,0.0,10900.0,0.01386070213085234,0.0,0.0,0.013411,0.9994173223598279,1.0,1399.6919120062882,1000.0,1394.7901587799977,1000.0,0.10793922000287429,0.0
285,1711524600000.0,0.0,0.0,30300.0,0.013322430799547542,0.0,0.0,0.013145,0.9994173223598279,1.0,1399.6413944062883,1000.0,1394.2652411799977,1000.0,0.28840934173536825,0.0
286,1711528200000.0,0.0,0.0,30300.0,0.013322430799547542,0.0,0.0,0.013219,0.9994173223598279,1.0,1399.6413944062883,1000.0,1396.5074411799978,1000.0,0.28840934173536825,0.0
287,1711531800000.0,0.0,0.0,30300.0,0.013322430799547542,0.0,0.0,0.012927,0.9994173223598279,1.0,1399.6413944062883,1000.0,1387.6598411799978,1000.0,0.28840934173536825,0.0
288,1711535400000.0,0.0,0.0,30300.0,0.013322430799547542,0.0,0.0,0.012798,0.9994173223598279,1.0,1399.6413944062883,1000.0,1383.7511411799978,1000.0,0.28840934173536825,0.0
289,1711539000000.0,0.0,0.0,30300.0,0.013322430799547542,0.0,0.0,0.012829,0.9994173223598279,1.0,1399.6413944062883,1000.0,1384.6904411799978,1000.0,0.28840934173536825,0.0
290,1711542600000.0,0.0,0.0,30300.0,0.013322430799547542,0.0,0.0,0.012949,0.9994173223598279,1.0,1399.6413944062883,1000.0,1388.3264411799978,1000.0,0.28840934173536825,0.0
291,1711546200000.0,0.0,0.0,30300.0,0.013322430799547542,0.0,0.0,0.013298,0.9994173223598279,1.0,1399.6413944062883,1000.0,1398.901141179998,1000.0,0.28840934173536825,0.0
292,1711549800000.0,0.0,0.0,30300.0,0.013322430799547542,0.0,0.0,0.012921,0.9994173223598279,1.0,1399.6413944062883,1000.0,1387.4780411799977,1000.0,0.28840934173536825,0.0
293,1711553400000.0,0.0,0.0,30300.0,0.013322430799547542,0.0,0.0,0.01288,0.9994173223598279,1.0,1399.6413944062883,1000.0,1386.2357411799978,1000.0,0.28840934173536825,0.0
294,1711557000000.0,0.0,0.0,30300.0,0.013322430799547542,0.0,0.0,0.012773,0.9994173223598279,1.0,1399.6413944062883,1000.0,1382.9936411799977,1000.0,0.28840934173536825,0.0
295,1711560600000.0,0.0,0.0,30300.0,0.013322430799547542,0.0,0.0,0.012785,0.9994173223598279,1.0,1399.6413944062883,1000.0,1383.3572411799978,1000.0,0.28840934173536825,0.0
296,1711564200000.0,0.0,0.0,30300.0,0.013322430799547542,0.0,0.0,0.012527,0.9994173223598279,1.0,1399.6413944062883,1000.0,1375.539841179998,1000.0,0.28840934173536825,0.0
297,1711567800000.0,0.0,0.0,30300.0,0.013322430799547542,0.0,0.0,0.012594,0.9994173223598279,1.0,1399.6413944062883,1000.0,1377.5699411799978,1000.0,0.28840934173536825,0.0
298,1711571400000.0,0.0,0.0,30300.0,0.013322430799547542,0.0,0.0,0.012724,0.9994173223598279,1.0,1399.6413944062883,1000.0,1381.5089411799977,1000.0,0.28840934173536825,0.0
299,1711575000000.0,0.0,0.0,30300.0,0.013322430799547542,0.0,0.0,0.012676,0.9994173223598279,1.0,1399.6413944062883,1000.0,1380.0545411799978,1000.0,0.28840934173536825,0.0
300,1711578600000.0,0.0,0.0,30300.0,0.013322430799547542,0.0,0.0,0.012711,0.9994173223598279,1.0,1399.6413944062883,1000.0,1381.115041179998,1000.0,0.28840934173536825,0.0
301,1711582200000.0,0.0,0.0,30300.0,0.013322430799547542,0.0,0.0,0.012516,0.9994173223598279,1.0,1399.6413944062883,1000.0,1375.2065411799977,1000.0,0.28840934173536825,0.0
302,1711585800000.0,0.0,0.0,30300.0,0.013322430799547542,0.0,0.0,0.01282,0.9994173223598279,1.0,1399.6413944062883,1000.0,1384.4177411799978,1000.0,0.28840934173536825,0.0
303,1711589400000.0,0.0,0.0,30300.0,0.013322430799547542,0.0,0.0,0.012907,0.9994173223598279,1.0,1399.6413944062883,1000.0,1387.0538411799978,1000.0,0.28840934173536825,0.0
304,1711593000000.0,0.0,0.0,30300.0,0.013322430799547542,0.0,0.0,0.012921,0.9994173223598279,1.0,1399.6413944062883,1000.0,1387.4780411799977,1000.0,0.28840934173536825,0.0
305,1711596600000.0,0.0,0.0,30300.0,0.013322430799547542,0.0,0.0,0.012461,0.9994173223598279,1.0,1399.6413944062883,1000.0,1373.5400411799978,1000.0,0.28840934173536825,0.0
306,1711600200000.0,0.0,0.0,111400.0,0.012442393362011472,0.0,0.0,0.012421,0.9994173223598279,1.0,1399.2872349080758,1000.0,1396.9040143799978,1000.0,0.9905633282069745,0.0
307,1711603800000.0,0.0,0.0,111400.0,0.012442393362011472,0.0,0.0,0.012423,0.9994173223598279,1.0,1399.2872349080758,1000.0,1397.1268143799978,1000.0,0.9905633282069745,0.0
308,1711607400000.0,0.0,0.0,89200.0,0.012442393362011472,0.0,0.0,0.012521,0.9994173223598279,1.0,1401.9977047914213,1000.0,1409.0094168999979,1000.0,0.7916286054523465,0.0
309,1711611000000.0,0.0,0.0,40200.0,0.012442393362011472,0.0,0.0,0.012679,0.9994173223598279,1.0,1412.0042684928592,1000.0,1421.5158553399979,1000.0,0.3542370404352575,0.0
310,1711614600000.0,0.0,0.0,9700.0,0.012442393362011472,0.0,0.0,0.012595,0.9994173223598279,1.0,1419.6618253515094,1000.0,1421.1421097399982,1000.0,0.08501406000800793,0.0
311,1711618200000.0,0.0,0.0,5600.0,0.012554033766131453,0.0,0.0,0.012568,0.9994173223598279,1.0,1421.3889495503347,1000.0,1421.4671604599985,1000.0,0.04946048659839153,0.0
312,1711621800000.0,0.0,0.0,5700.0,0.012582043452735886,0.0,0.0,0.012511,0.9994173223598279,1.0,1421.760959640593,1000.0,1421.3560119599983,1000.0,0.05044283090930001,0.0
313,1711625400000.0,0.0,0.0,0.0,0.012616152157959928,0.0,0.0,0.012837,0.9994173223598279,1.0,1423.7829136399976,1000.0,1423.7829136399976,1000.0,0.0,0.0
314,1711629000000.0,0.0,0.0,1600.0,0.012688714285714286,0.0,0.0,0.013026,0.9994173223598279,1.0,1424.7733387371402,1000.0,1425.3129958799973,1000.0,0.014249243935977674,0.0
315,1711632600000.0,0.0,0.0,0.0,0.012688714285714286,0.0,0.0,0.012842,0.9994173223598279,1.0,1425.4083076599975,1000.0,1425.4083076599975,1000.0,0.0,0.0
316,1711636200000.0,0.0,0.0,0.0,0.012688714285714286,0.0,0.0,0.013025,0.9994173223598279,1.0,1425.4083076599975,1000.0,1425.4083076599975,1000.0,0.0,0.0
317,1711639800000.0,0.0,0.0,0.0,0.012688714285714286,0.0,0.0,0.013032,0.9994173223598279,1.0,1425.4083076599975,1000.0,1425.4083076599975,1000.0,0.0,0.0
318,1711643400000.0,0.0,0.0,0.0,0.012688714285714286,0.0,0.0,0.013021,0.9994173223598279,1.0,1425.4083076599975,1000.0,1425.4083076599975,1000.0,0.0,0.0
319,1711647000000.0,0.0,0.0,0.0,0.012688714285714286,0.0,0.0,0.013104,0.9994173223598279,1.0,1425.4083076599975,1000.0,1425.4083076599975,1000.0,0.0,0.0
320,1711650600000.0,0.0,0.0,0.0,0.012688714285714286,0.0,0.0,0.013173,0.9994173223598279,1.0,1425.4083076599975,1000.0,1425.4083076599975,1000.0,0.0,0.0
321,1711654200000.0,0.0,0.0,0.0,0.012688714285714286,0.0,0.0,0.01326,0.9994173223598279,1.0,1425.4083076599975,1000.0,1425.4083076599975,1000.0,0.0,0.0
322,1711657800000.0,0.0,0.0,0.0,0.012688714285714286,0.0,0.0,0.013606,0.9994173223598279,1.0,1425.4083076599975,1000.0,1425.4083076599975,1000.0,0.0,0.0
323,1711661400000.0,0.0,0.0,0.0,0.012688714285714286,0.0,0.0,0.013978,0.9994173223598279,1.0,1425.4083076599975,1000.0,1425.4083076599975,1000.0,0.0,0.0
324,1711665000000.0,0.0,0.0,0.0,0.012688714285714286,0.0,0.0,0.013865,0.9994173223598279,1.0,1425.4083076599975,1000.0,1425.4083076599975,1000.0,0.0,0.0
325,1711668600000.0,0.0,0.0,0.0,0.012688714285714286,0.0,0.0,0.014438,0.9994173223598279,1.0,1425.4083076599975,1000.0,1425.4083076599975,1000.0,0.0,0.0
326,1711672200000.0,0.0,0.0,0.0,0.012688714285714286,0.0,0.0,0.014248,0.9994173223598279,1.0,1425.4083076599975,1000.0,1425.4083076599975,1000.0,0.0,0.0
327,1711675800000.0,0.0,0.0,0.0,0.012688714285714286,0.0,0.0,0.013897,0.9994173223598279,1.0,1425.4083076599975,1000.0,1425.4083076599975,1000.0,0.0,0.0
328,1711679400000.0,0.0,0.0,0.0,0.012688714285714286,0.0,0.0,0.013721,0.9994173223598279,1.0,1425.4083076599975,1000.0,1425.4083076599975,1000.0,0.0,0.0
329,1711683000000.0,0.0,0.0,0.0,0.012688714285714286,0.0,0.0,0.0139,0.9994173223598279,1.0,1425.4083076599975,1000.0,1425.4083076599975,1000.0,0.0,0.0
330,1711686600000.0,0.0,0.0,5300.0,0.013563943396226415,0.0,0.0,0.013678,0.9994173223598279,1.0,1425.7177993799974,1000.0,1426.3222993799973,1000.0,0.0504229518851924,0.0
331,1711690200000.0,0.0,0.0,5300.0,0.013563943396226415,0.0,0.0,0.01338,0.9994173223598279,1.0,1425.7177993799974,1000.0,1424.7428993799974,1000.0,0.0504229518851924,0.0
332,1711693800000.0,0.0,0.0,5300.0,0.013563943396226415,0.0,0.0,0.013243,0.9994173223598279,1.0,1425.7177993799974,1000.0,1424.0167993799973,1000.0,0.0504229518851924,0.0
333,1711697400000.0,0.0,0.0,5300.0,0.013563943396226415,0.0,0.0,0.013261,0.9994173223598279,1.0,1425.7177993799974,1000.0,1424.1121993799973,1000.0,0.0504229518851924,0.0
334,1711701000000.0,0.0,0.0,5300.0,0.013563943396226415,0.0,0.0,0.013168,0.9994173223598279,1.0,1425.7177993799974,1000.0,1423.6192993799973,1000.0,0.0504229518851924,0.0
335,1711704600000.0,0.0,0.0,5300.0,0.013563943396226415,0.0,0.0,0.013084,0.9994173223598279,1.0,1425.7177993799974,1000.0,1423.1740993799974,1000.0,0.0504229518851924,0.0
336,1711708200000.0,0.0,0.0,14700.0,0.013120197278911564,0.0,0.0,0.012984,0.9994173223598279,1.0,1425.6936037799974,1000.0,1423.6915037799974,1000.0,0.135279347181361,0.0
337,1711711800000.0,0.0,0.0,14700.0,0.013120197278911564,0.0,0.0,0.013076,0.9994173223598279,1.0,1425.6936037799974,1000.0,1425.0439037799974,1000.0,0.135279347181361,0.0
338,1711715400000.0,0.0,0.0,14700.0,0.013120197278911564,0.0,0.0,0.012985,0.9994173223598279,1.0,1425.6936037799974,1000.0,1423.7062037799974,1000.0,0.135279347181361,0.0
339,1711719000000.0,0.0,0.0,14700.0,0.013120197278911564,0.0,0.0,0.013006,0.9994173223598279,1.0,1425.6936037799974,1000.0,1424.0149037799974,1000.0,0.135279347181361,0.0
340,1711722600000.0,0.0,0.0,5400.0,0.013155923910304863,0.0,0.0,0.013206,0.9994173223598279,1.0,1427.0611235156437,1000.0,1427.3315343999975,1000.0,0.049782022609256155,0.0
341,1711726200000.0,0.0,0.0,5400.0,0.013155923910304863,0.0,0.0,0.012977,0.9994173223598279,1.0,1427.0611235156437,1000.0,1426.0949343999973,1000.0,0.049782022609256155,0.0
342,1711729800000.0,0.0,0.0,5400.0,0.013155923910304863,0.0,0.0,0.013004,0.9994173223598279,1.0,1427.0611235156437,1000.0,1426.2407343999973,1000.0,0.049782022609256155,0.0
343,1711733400000.0,0.0,0.0,5400.0,0.013155923910304863,0.0,0.0,0.013151,0.9994173223598279,1.0,1427.0611235156437,1000.0,1427.0345343999975,1000.0,0.049782022609256155,0.0
344,1711737000000.0,0.0,0.0,5400.0,0.013155923910304863,0.0,0.0,0.013124,0.9994173223598279,1.0,1427.0611235156437,1000.0,1426.8887343999975,1000.0,0.049782022609256155,0.0
345,1711740600000.0,0.0,0.0,4400.0,0.013166282606869906,0.0,0.0,0.013258,0.9994173223598279,1.0,1427.416587630225,1000.0,1427.8201441599974,1000.0,0.04058495884961293,0.0
346,1711744200000.0,0.0,0.0,4400.0,0.013166282606869906,0.0,0.0,0.013059,0.9994173223598279,1.0,1427.416587630225,1000.0,1426.9445441599973,1000.0,0.04058495884961293,0.0
347,1711747800000.0,0.0,0.0,4400.0,0.013166282606869906,0.0,0.0,0.012945,0.9994173223598279,1.0,1427.416587630225,1000.0,1426.4429441599973,1000.0,0.04058495884961293,0.0
348,1711751400000.0,0.0,0.0,4400.0,0.013166282606869906,0.0,0.0,0.013093,0.9994173223598279,1.0,1427.416587630225,1000.0,1427.0941441599973,1000.0,0.04058495884961293,0.0
349,1711755000000.0,0.0,0.0,4400.0,0.013166282606869906,0.0,0.0,0.013015,0.9994173223598279,1.0,1427.416587630225,1000.0,1426.7509441599973,1000.0,0.04058495884961293,0.0
